[
    {
        "ID": "1",
        "Name": "Manufacturing AAF"
    },
    {
        "ID": "2",
        "Name": "Manufacturing AAG"
    },
    {
        "ID": "3",
        "Name": "Manufacturing AAH"
    },
    {
        "ID": "4",
        "Name": "Manufacturing ABF"
    },
    {
        "ID": "5",
        "Name": "Manufacturing ACA"
    },
    {
        "ID": "6",
        "Name": "Manufacturing ACD"
    },
    {
        "ID": "7",
        "Name": "Manufacturing ACE"
    },
    {
        "ID": "8",
        "Name": "Manufacturing ADD"
    },
    {
        "ID": "9",
        "Name": "Manufacturing ADE"
    },
    {
        "ID": "10",
        "Name": "Manufacturing ADF"
    },
    {
        "ID": "11",
        "Name": "Manufacturing ADG"
    },
    {
        "ID": "12",
        "Name": "Manufacturing ADH"
    },
    {
        "ID": "13",
        "Name": "Purchased Parts AEA"
    },
    {
        "ID": "14",
        "Name": "Raw Material AEA"
    },
    {
        "ID": "15",
        "Name": "Manufacturing AEB"
    },
    {
        "ID": "16",
        "Name": "Manufacturing AED"
    },
    {
        "ID": "17",
        "Name": "Manufacturing AEH"
    },
    {
        "ID": "18",
        "Name": "Manufacturing AEI"
    },
    {
        "ID": "19",
        "Name": "Purchased Equipment AFJ"
    },
    {
        "ID": "20",
        "Name": "Manufacturing AHC"
    },
    {
        "ID": "21",
        "Name": "Manufacturing AHD"
    },
    {
        "ID": "22",
        "Name": "Manufacturing AHE"
    },
    {
        "ID": "23",
        "Name": "Manufacturing AHF"
    },
    {
        "ID": "24",
        "Name": "Manufacturing AJE"
    },
    {
        "ID": "25",
        "Name": "Manufacturing AJF"
    },
    {
        "ID": "26",
        "Name": "Purchased Equipment AGB"
    },
    {
        "ID": "27",
        "Name": "Manufacturing AII"
    },
    {
        "ID": "28",
        "Name": "Manufacturing ACB"
    },
    {
        "ID": "29",
        "Name": "Manufacturing ACC"
    },
    {
        "ID": "30",
        "Name": "Other AEA"
    },
    {
        "ID": "31",
        "Name": "Engineering AAB"
    },
    {
        "ID": "32",
        "Name": "Engineering AAE"
    },
    {
        "ID": "33",
        "Name": "Engineering ABG"
    },
    {
        "ID": "34",
        "Name": "Engineering ABI"
    },
    {
        "ID": "35",
        "Name": "Engineering ABJ"
    },
    {
        "ID": "36",
        "Name": "Engineering ACF"
    },
    {
        "ID": "37",
        "Name": "Engineering ACG"
    },
    {
        "ID": "38",
        "Name": "Engineering ACI"
    },
    {
        "ID": "39",
        "Name": "Manufacturing ADA"
    },
    {
        "ID": "40",
        "Name": "Engineering ADI"
    },
    {
        "ID": "41",
        "Name": "Other ADJ"
    },
    {
        "ID": "42",
        "Name": "Other AEE"
    },
    {
        "ID": "43",
        "Name": "Other AEG"
    },
    {
        "ID": "44",
        "Name": "Engineering AFA"
    },
    {
        "ID": "45",
        "Name": "Engineering AFB"
    },
    {
        "ID": "46",
        "Name": "Other AGA"
    },
    {
        "ID": "47",
        "Name": "Engineering AGG"
    },
    {
        "ID": "48",
        "Name": "Engineering AGH"
    },
    {
        "ID": "49",
        "Name": "Engineering AGI"
    },
    {
        "ID": "50",
        "Name": "Engineering AHA"
    },
    {
        "ID": "51",
        "Name": "Engineering AHB"
    },
    {
        "ID": "52",
        "Name": "Other AHG"
    },
    {
        "ID": "53",
        "Name": "Other AHI"
    },
    {
        "ID": "54",
        "Name": "Other AIA"
    },
    {
        "ID": "55",
        "Name": "Other AIJ"
    },
    {
        "ID": "56",
        "Name": "Engineering AJI"
    },
    {
        "ID": "57",
        "Name": "Engineering BAD"
    },
    {
        "ID": "58",
        "Name": "Engineering BAE"
    },
    {
        "ID": "59",
        "Name": "Engineering BAG"
    },
    {
        "ID": "60",
        "Name": "Purchased Equipment AFH"
    },
    {
        "ID": "61",
        "Name": "Purchased Equipment AFD"
    },
    {
        "ID": "62",
        "Name": "Quality AIF"
    },
    {
        "ID": "63",
        "Name": "Manufacturing AAD"
    },
    {
        "ID": "64",
        "Name": "Tooling Labor AAF"
    },
    {
        "ID": "65",
        "Name": "Other ABB"
    },
    {
        "ID": "66",
        "Name": "Other ABD"
    },
    {
        "ID": "67",
        "Name": "Tooling Labor ABE"
    },
    {
        "ID": "68",
        "Name": "Manufacturing ABE"
    },
    {
        "ID": "69",
        "Name": "Tooling Labor ACD"
    },
    {
        "ID": "70",
        "Name": "Tooling Labor ACE"
    },
    {
        "ID": "71",
        "Name": "Manufacturing ADB"
    },
    {
        "ID": "72",
        "Name": "Tooling Labor ADD"
    },
    {
        "ID": "73",
        "Name": "Tooling Labor ADE"
    },
    {
        "ID": "74",
        "Name": "Tooling Labor ADF"
    },
    {
        "ID": "75",
        "Name": "Tooling Labor ADG"
    },
    {
        "ID": "76",
        "Name": "Tooling Labor AEB"
    },
    {
        "ID": "77",
        "Name": "Tooling Material AEC"
    },
    {
        "ID": "78",
        "Name": "Other AEC"
    },
    {
        "ID": "79",
        "Name": "Tooling Labor AED"
    },
    {
        "ID": "80",
        "Name": "Tooling Labor AEH"
    },
    {
        "ID": "81",
        "Name": "Tooling Labor AEI"
    },
    {
        "ID": "82",
        "Name": "Other AFF"
    },
    {
        "ID": "83",
        "Name": "Other AFI"
    },
    {
        "ID": "84",
        "Name": "Quality AGF"
    },
    {
        "ID": "85",
        "Name": "Tooling Labor AHC"
    },
    {
        "ID": "86",
        "Name": "Tooling Labor AHE"
    },
    {
        "ID": "87",
        "Name": "Quality AHH"
    },
    {
        "ID": "88",
        "Name": "Quality AIE"
    },
    {
        "ID": "89",
        "Name": "Quality AIG"
    },
    {
        "ID": "90",
        "Name": "Tooling Labor AII"
    },
    {
        "ID": "91",
        "Name": "Other AJC"
    },
    {
        "ID": "92",
        "Name": "Manufacturing AJD"
    },
    {
        "ID": "93",
        "Name": "Tooling Labor AJE"
    },
    {
        "ID": "94",
        "Name": "Tooling Labor AJF"
    },
    {
        "ID": "95",
        "Name": "Tooling Labor AJG"
    },
    {
        "ID": "96",
        "Name": "Manufacturing AJG"
    },
    {
        "ID": "97",
        "Name": "Other AJH"
    },
    {
        "ID": "98",
        "Name": "Manufacturing BAC"
    },
    {
        "ID": "99",
        "Name": "Tooling Labor BAF"
    },
    {
        "ID": "100",
        "Name": "Manufacturing BAF"
    },
    {
        "ID": "101",
        "Name": "Engineering AAI"
    },
    {
        "ID": "102",
        "Name": "Engineering AAJ"
    },
    {
        "ID": "103",
        "Name": "Other AGD"
    },
    {
        "ID": "104",
        "Name": "Engineering AGJ"
    },
    {
        "ID": "105",
        "Name": "Quality AID"
    },
    {
        "ID": "106",
        "Name": "Quality AIH"
    },
    {
        "ID": "107",
        "Name": "Engineering AJJ"
    },
    {
        "ID": "108",
        "Name": "Other ABA"
    },
    {
        "ID": "109",
        "Name": "Other ACH"
    },
    {
        "ID": "110",
        "Name": "Other ACJ"
    },
    {
        "ID": "111",
        "Name": "Other AEF"
    },
    {
        "ID": "112",
        "Name": "Other AIB"
    },
    {
        "ID": "113",
        "Name": "Other AIC"
    },
    {
        "ID": "114",
        "Name": "Other AJA"
    },
    {
        "ID": "115",
        "Name": "Other BAA"
    },
    {
        "ID": "116",
        "Name": "Other BAB"
    },
    {
        "ID": "117",
        "Name": "Other BAH"
    },
    {
        "ID": "118",
        "Name": "Other BAI"
    }
]
