[
    {
        "ID": 1,
        "StartDate": "2012-01-01",
        "EndDate": "2012-01-31"
    },
    {
        "ID": 2,
        "StartDate": "2012-02-01",
        "EndDate": "2012-02-29"
    },
    {
        "ID": 3,
        "StartDate": "2012-03-01",
        "EndDate": "2012-03-31"
    },
    {
        "ID": 4,
        "StartDate": "2012-04-01",
        "EndDate": "2012-04-30"
    },
    {
        "ID": 5,
        "StartDate": "2012-05-01",
        "EndDate": "2012-05-31"
    },
    {
        "ID": 6,
        "StartDate": "2012-06-01",
        "EndDate": "2012-06-30"
    },
    {
        "ID": 7,
        "StartDate": "2012-07-01",
        "EndDate": "2012-07-31"
    },
    {
        "ID": 8,
        "StartDate": "2012-08-01",
        "EndDate": "2012-08-31"
    },
    {
        "ID": 9,
        "StartDate": "2012-09-01",
        "EndDate": "2012-09-30"
    },
    {
        "ID": 10,
        "StartDate": "2012-10-01",
        "EndDate": "2012-10-31"
    },
    {
        "ID": 11,
        "StartDate": "2012-11-01",
        "EndDate": "2012-11-30"
    },
    {
        "ID": 12,
        "StartDate": "2012-12-01",
        "EndDate": "2012-12-31"
    },
    {
        "ID": 13,
        "StartDate": "2013-01-01",
        "EndDate": "2013-01-31"
    },
    {
        "ID": 14,
        "StartDate": "2013-02-01",
        "EndDate": "2013-02-28"
    },
    {
        "ID": 15,
        "StartDate": "2013-03-01",
        "EndDate": "2013-03-31"
    },
    {
        "ID": 16,
        "StartDate": "2013-04-01",
        "EndDate": "2013-04-30"
    },
    {
        "ID": 17,
        "StartDate": "2013-05-01",
        "EndDate": "2013-05-31"
    },
    {
        "ID": 18,
        "StartDate": "2013-06-01",
        "EndDate": "2013-06-30"
    },
    {
        "ID": 19,
        "StartDate": "2013-07-01",
        "EndDate": "2013-07-31"
    },
    {
        "ID": 20,
        "StartDate": "2013-08-01",
        "EndDate": "2013-08-31"
    },
    {
        "ID": 21,
        "StartDate": "2013-09-01",
        "EndDate": "2013-09-30"
    },
    {
        "ID": 22,
        "StartDate": "2013-10-01",
        "EndDate": "2013-10-31"
    },
    {
        "ID": 23,
        "StartDate": "2013-11-01",
        "EndDate": "2013-11-30"
    },
    {
        "ID": 24,
        "StartDate": "2013-12-01",
        "EndDate": "2013-12-31"
    },
    {
        "ID": 25,
        "StartDate": "2014-01-01",
        "EndDate": "2014-01-31"
    },
    {
        "ID": 26,
        "StartDate": "2014-02-01",
        "EndDate": "2014-02-28"
    },
    {
        "ID": 27,
        "StartDate": "2014-03-01",
        "EndDate": "2014-03-31"
    },
    {
        "ID": 28,
        "StartDate": "2014-04-01",
        "EndDate": "2014-04-30"
    }
]
