[
    {
        "OrderOrLotID": "1",
        "Subtotal_TD": 916998431.97,
        "Subtotal_AC": 4683899368.332,
        "GA_TD": 0,
        "GA_AC": 0,
        "UB": 0,
        "MR": 0,
        "FCCM_TD": 0,
        "FCCM_AC": 0,
        "Fee_TD": 0,
        "Fee_AC": 0,
        "Price_TD": 916998431.97,
        "Price_AC": 4683899368.332
    },
    {
        "OrderOrLotID": "2",
        "Subtotal_TD": 454677868.92,
        "Subtotal_AC": 2370542136.201,
        "GA_TD": 0,
        "GA_AC": 0,
        "UB": 0,
        "MR": 0,
        "FCCM_TD": 0,
        "FCCM_AC": 0,
        "Fee_TD": 0,
        "Fee_AC": 0,
        "Price_TD": 454677868.92,
        "Price_AC": 2370542136.201
    }
]
