[
    {
        "ID": "1",
        "Name": "AAF-QBXW-YYQD-SGWR"
    },
    {
        "ID": "2",
        "Name": "AAG-TKRM-SQJD-GPRT"
    },
    {
        "ID": "3",
        "Name": "AAH-CWCV-PWRG-QFJX"
    },
    {
        "ID": "4",
        "Name": "ABF-SSHF-DGQD-WGZM"
    },
    {
        "ID": "5",
        "Name": "ACA-GGNK-DBDD-NLYV"
    },
    {
        "ID": "6",
        "Name": "ACD-MCNF-NQSY-XGTJ"
    },
    {
        "ID": "7",
        "Name": "ACE-BFQK-NHRL-JNFF"
    },
    {
        "ID": "8",
        "Name": "ADD-QYKZ-LVTN-RNXX"
    },
    {
        "ID": "9",
        "Name": "ADE-YTZY-CMVC-DSFW"
    },
    {
        "ID": "10",
        "Name": "ADF-SQHC-PRFR-SJRY"
    },
    {
        "ID": "11",
        "Name": "ADG-ZQCZ-NRJP-SHJQ"
    },
    {
        "ID": "12",
        "Name": "ADH-GZVG-JQZL-KTNV"
    },
    {
        "ID": "13",
        "Name": "AEA-BNJT-BGTQ-LWXR"
    },
    {
        "ID": "14",
        "Name": "AEB-MQDF-KMTN-HHRR"
    },
    {
        "ID": "15",
        "Name": "AED-RPMN-HDLY-XDZH"
    },
    {
        "ID": "16",
        "Name": "AEH-CPXC-FMCJ-HHNH"
    },
    {
        "ID": "17",
        "Name": "AEI-MSJK-HVZB-KLNB"
    },
    {
        "ID": "18",
        "Name": "AFJ-JSZJ-ZZYJ-SPQN"
    },
    {
        "ID": "19",
        "Name": "AHC-QQVV-TBWZ-GBHC"
    },
    {
        "ID": "20",
        "Name": "AHD-BSSJ-NHRW-CQFJ"
    },
    {
        "ID": "21",
        "Name": "AHE-FZPQ-NNQD-ZVRR"
    },
    {
        "ID": "22",
        "Name": "AHF-SMQH-XFXL-CFSY"
    },
    {
        "ID": "23",
        "Name": "AJE-BQTN-SMSR-MKSD"
    },
    {
        "ID": "24",
        "Name": "AJF-JVHW-DFQY-LTRY"
    },
    {
        "ID": "25",
        "Name": "AGB-PWZQ-DSFG-PJKV"
    },
    {
        "ID": "26",
        "Name": "AII-DSDD-CQHK-SCTZ"
    },
    {
        "ID": "27",
        "Name": "ACB-PBFT-HYNY-JMKL"
    },
    {
        "ID": "28",
        "Name": "ACC-YRJH-YBND-YXNX"
    },
    {
        "ID": "29",
        "Name": "AAB-FKWF-QPRF-FTNL"
    },
    {
        "ID": "30",
        "Name": "AAE-BWNN-DHWR-NCVV"
    },
    {
        "ID": "31",
        "Name": "ABG-KJTQ-DTVD-FCFK"
    },
    {
        "ID": "32",
        "Name": "ABI-JTPH-SCHJ-QYXY"
    },
    {
        "ID": "33",
        "Name": "ABJ-QJFK-WVJM-RWBD"
    },
    {
        "ID": "34",
        "Name": "ACF-SKHY-YQQC-PHGJ"
    },
    {
        "ID": "35",
        "Name": "ACG-YHQB-ZTBM-JJJW"
    },
    {
        "ID": "36",
        "Name": "ACI-FQGW-BXNN-FFVJ"
    },
    {
        "ID": "37",
        "Name": "ADA-TMVM-PNDR-HGBJ"
    },
    {
        "ID": "38",
        "Name": "ADI-PYNS-DRBR-SJZZ"
    },
    {
        "ID": "39",
        "Name": "ADJ-YMKQ-BRXH-QQGB"
    },
    {
        "ID": "40",
        "Name": "AEE-ZLPC-TLGB-QCMN"
    },
    {
        "ID": "41",
        "Name": "AEG-YWJY-BPYW-HFJY"
    },
    {
        "ID": "42",
        "Name": "AFA-PVFX-QNDG-NSSJ"
    },
    {
        "ID": "43",
        "Name": "AFB-XMBY-YQYH-RMWK"
    },
    {
        "ID": "44",
        "Name": "AGA-VKXR-DMPH-PDGZ"
    },
    {
        "ID": "45",
        "Name": "AGG-FBQR-VVSQ-QLHV"
    },
    {
        "ID": "46",
        "Name": "AGH-DLFK-BQFH-CHPD"
    },
    {
        "ID": "47",
        "Name": "AGI-PRLB-DWKY-YXKD"
    },
    {
        "ID": "48",
        "Name": "AHA-BVVK-JVDR-XLDJ"
    },
    {
        "ID": "49",
        "Name": "AHB-KKFK-XSWR-QRLM"
    },
    {
        "ID": "50",
        "Name": "AHG-TDBL-GSND-JLFS"
    },
    {
        "ID": "51",
        "Name": "AHI-GSLZ-DHRZ-SGLY"
    },
    {
        "ID": "52",
        "Name": "AIA-BDVD-ZVPL-KBHV"
    },
    {
        "ID": "53",
        "Name": "AIJ-YGJB-KDKV-MGXY"
    },
    {
        "ID": "54",
        "Name": "AJI-ZMNZ-HHYV-VCQV"
    },
    {
        "ID": "55",
        "Name": "BAD-HPVK-XRSY-FTXW"
    },
    {
        "ID": "56",
        "Name": "BAE-LBPX-GZNL-JLFC"
    },
    {
        "ID": "57",
        "Name": "BAG-NMBC-BTXP-NYFF"
    },
    {
        "ID": "58",
        "Name": "AFH-YGVM-FGCV-FHSM"
    },
    {
        "ID": "59",
        "Name": "AFD-NNRF-CLDH-PFTB"
    },
    {
        "ID": "60",
        "Name": "AIF-ZBRB-YSBZ-MYGQ"
    },
    {
        "ID": "61",
        "Name": "AAD-MHQD-NMNP-MYTV"
    },
    {
        "ID": "62",
        "Name": "ABB-WXKP-VKMM-JYWQ"
    },
    {
        "ID": "63",
        "Name": "ABD-FNCM-LQJB-LVQL"
    },
    {
        "ID": "64",
        "Name": "ABE-WFLP-MJKQ-SYDK"
    },
    {
        "ID": "65",
        "Name": "ADB-SXWQ-GTDZ-PFND"
    },
    {
        "ID": "66",
        "Name": "AEC-NGNL-HZFC-CWZJ"
    },
    {
        "ID": "67",
        "Name": "AFF-RFMB-RWND-YSXP"
    },
    {
        "ID": "68",
        "Name": "AFI-GBCH-SVZH-VHTL"
    },
    {
        "ID": "69",
        "Name": "AGF-KFJM-PXHB-XFRZ"
    },
    {
        "ID": "70",
        "Name": "AHH-LKNJ-DVJP-MSQC"
    },
    {
        "ID": "71",
        "Name": "AIE-RHZG-XBBJ-VYLL"
    },
    {
        "ID": "72",
        "Name": "AIG-TVWP-NVZL-NDWZ"
    },
    {
        "ID": "73",
        "Name": "AJC-GYDF-PHKB-GBSJ"
    },
    {
        "ID": "74",
        "Name": "AJD-LNPP-MBSY-BMRT"
    },
    {
        "ID": "75",
        "Name": "AJG-RTWP-MKGT-LJTN"
    },
    {
        "ID": "76",
        "Name": "AJH-JHXB-STFW-HKWN"
    },
    {
        "ID": "77",
        "Name": "BAC-GFDX-PCTF-NRHR"
    },
    {
        "ID": "78",
        "Name": "BAF-SXTM-VDGK-VBHD"
    },
    {
        "ID": "79",
        "Name": "AAI-TYDJ-RHMG-LDXD"
    },
    {
        "ID": "80",
        "Name": "AAJ-VLFX-LYKB-GKMX"
    },
    {
        "ID": "81",
        "Name": "AGD-KBRF-SKYY-DWBP"
    },
    {
        "ID": "82",
        "Name": "AGJ-YWVH-NYZG-NQHY"
    },
    {
        "ID": "83",
        "Name": "AID-XJPG-DJHP-MLCL"
    },
    {
        "ID": "84",
        "Name": "AIH-YGZH-RLBY-LKCW"
    },
    {
        "ID": "85",
        "Name": "AJJ-RRZL-FXPD-BKCL"
    },
    {
        "ID": "86",
        "Name": "ABA-TKJN-FZYQ-XNJZ"
    },
    {
        "ID": "87",
        "Name": "ACH-PWJZ-QMSJ-TGCY"
    },
    {
        "ID": "88",
        "Name": "ACJ-RZMN-KLYK-FHVD"
    },
    {
        "ID": "89",
        "Name": "AEF-YZLW-GDFF-JLRV"
    },
    {
        "ID": "90",
        "Name": "AIB-FRFM-MLDT-SQTN"
    },
    {
        "ID": "91",
        "Name": "AIC-WMCF-BDGG-FWFW"
    },
    {
        "ID": "92",
        "Name": "AJA-RKVF-QJNP-WYTB"
    },
    {
        "ID": "93",
        "Name": "BAA-GVQH-KMSY-LXTN"
    },
    {
        "ID": "94",
        "Name": "BAB-VQPD-TZKL-RPKD"
    },
    {
        "ID": "95",
        "Name": "BAH-HXRZ-ZLWY-VVQP"
    },
    {
        "ID": "96",
        "Name": "BAI-FPLF-TZKM-GSYH"
    }
]
