[
    {
        "OrderOrLotID": "1",
        "WBSElementID": "1.0",
        "NonrecurringOrRecurringID": "NONRECURRING",
        "DetailedStandardCategoryID": "DIRECT_ENGINEERING_LABOR",
        "Value_Dollars": 19530307.616,
        "Value_Hours": 460786.073
    },
    {
        "OrderOrLotID": "1",
        "WBSElementID": "1.0",
        "NonrecurringOrRecurringID": "NONRECURRING",
        "DetailedStandardCategoryID": "DIRECT_MANUFACTURING_TOOLING_LABOR",
        "Value_Dollars": 5540188.563,
        "Value_Hours": 202467.551
    },
    {
        "OrderOrLotID": "1",
        "WBSElementID": "1.0",
        "NonrecurringOrRecurringID": "NONRECURRING",
        "DetailedStandardCategoryID": "PURCHASED_EQUIPMENT",
        "Value_Dollars": 2990609.79,
        "Value_Hours": 0
    },
    {
        "OrderOrLotID": "1",
        "WBSElementID": "1.0",
        "NonrecurringOrRecurringID": "NONRECURRING",
        "DetailedStandardCategoryID": "ENGINEERING_LABOR_OVERHEAD",
        "Value_Dollars": 20488495.954,
        "Value_Hours": 0
    },
    {
        "OrderOrLotID": "1",
        "WBSElementID": "1.0",
        "NonrecurringOrRecurringID": "NONRECURRING",
        "DetailedStandardCategoryID": "MANUFACTURING_OPERATIONS_LABOR_OVERHEAD",
        "Value_Dollars": 7654051.285,
        "Value_Hours": 0
    },
    {
        "OrderOrLotID": "1",
        "WBSElementID": "1.0",
        "NonrecurringOrRecurringID": "NONRECURRING",
        "DetailedStandardCategoryID": "MATERIAL_OVERHEAD",
        "Value_Dollars": 101968.046,
        "Value_Hours": 0
    },
    {
        "OrderOrLotID": "1",
        "WBSElementID": "1.0",
        "NonrecurringOrRecurringID": "NONRECURRING",
        "DetailedStandardCategoryID": "DIRECT_SERVICES",
        "Value_Dollars": 22780.328,
        "Value_Hours": 867.842
    },
    {
        "OrderOrLotID": "1",
        "WBSElementID": "1.0",
        "NonrecurringOrRecurringID": "NONRECURRING",
        "DetailedStandardCategoryID": "OTHER_OVERHEAD",
        "Value_Dollars": 28742.404,
        "Value_Hours": 0
    },
    {
        "OrderOrLotID": "1",
        "WBSElementID": "1.0",
        "NonrecurringOrRecurringID": "RECURRING",
        "DetailedStandardCategoryID": "DIRECT_ENGINEERING_LABOR",
        "Value_Dollars": 26968800.817,
        "Value_Hours": 629526.749
    },
    {
        "OrderOrLotID": "1",
        "WBSElementID": "1.0",
        "NonrecurringOrRecurringID": "RECURRING",
        "DetailedStandardCategoryID": "DIRECT_MANUFACTURING_SUPPORT_LABOR",
        "Value_Dollars": 21391507.757,
        "Value_Hours": 557610.94
    },
    {
        "OrderOrLotID": "1",
        "WBSElementID": "1.0",
        "NonrecurringOrRecurringID": "RECURRING",
        "DetailedStandardCategoryID": "DIRECT_MANUFACTURING_TOUCH_LABOR",
        "Value_Dollars": 293707855.234,
        "Value_Hours": 9955789.953
    },
    {
        "OrderOrLotID": "1",
        "WBSElementID": "1.0",
        "NonrecurringOrRecurringID": "RECURRING",
        "DetailedStandardCategoryID": "PURCHASED_EQUIPMENT",
        "Value_Dollars": 159931265.219,
        "Value_Hours": 0
    },
    {
        "OrderOrLotID": "1",
        "WBSElementID": "1.0",
        "NonrecurringOrRecurringID": "RECURRING",
        "DetailedStandardCategoryID": "PURCHASED_PARTS",
        "Value_Dollars": 95402466.899,
        "Value_Hours": 0
    },
    {
        "OrderOrLotID": "1",
        "WBSElementID": "1.0",
        "NonrecurringOrRecurringID": "RECURRING",
        "DetailedStandardCategoryID": "RAW_MATERIALS",
        "Value_Dollars": 29422250.417,
        "Value_Hours": 0
    },
    {
        "OrderOrLotID": "1",
        "WBSElementID": "1.0",
        "NonrecurringOrRecurringID": "RECURRING",
        "DetailedStandardCategoryID": "ENGINEERING_LABOR_OVERHEAD",
        "Value_Dollars": 28329728.214,
        "Value_Hours": 0
    },
    {
        "OrderOrLotID": "1",
        "WBSElementID": "1.0",
        "NonrecurringOrRecurringID": "RECURRING",
        "DetailedStandardCategoryID": "MANUFACTURING_OPERATIONS_LABOR_OVERHEAD",
        "Value_Dollars": 422424997.791,
        "Value_Hours": 0
    },
    {
        "OrderOrLotID": "1",
        "WBSElementID": "1.0",
        "NonrecurringOrRecurringID": "RECURRING",
        "DetailedStandardCategoryID": "MATERIAL_OVERHEAD",
        "Value_Dollars": 10322095.097,
        "Value_Hours": 0
    },
    {
        "OrderOrLotID": "1",
        "WBSElementID": "1.0",
        "NonrecurringOrRecurringID": "RECURRING",
        "DetailedStandardCategoryID": "DIRECT_PROGRAM_MANAGEMENT_LABOR",
        "Value_Dollars": 65522282.646,
        "Value_Hours": 1661398.066
    },
    {
        "OrderOrLotID": "1",
        "WBSElementID": "1.0",
        "NonrecurringOrRecurringID": "RECURRING",
        "DetailedStandardCategoryID": "DIRECT_SERVICES",
        "Value_Dollars": 6078106.157,
        "Value_Hours": 171698.878
    },
    {
        "OrderOrLotID": "1",
        "WBSElementID": "1.0",
        "NonrecurringOrRecurringID": "RECURRING",
        "DetailedStandardCategoryID": "OTHER_OVERHEAD",
        "Value_Dollars": 66139763.36,
        "Value_Hours": 0
    },
    {
        "OrderOrLotID": "2",
        "WBSElementID": "1.0",
        "NonrecurringOrRecurringID": "NONRECURRING",
        "DetailedStandardCategoryID": "DIRECT_ENGINEERING_LABOR",
        "Value_Dollars": 7777053.096,
        "Value_Hours": 183373.133
    },
    {
        "OrderOrLotID": "2",
        "WBSElementID": "1.0",
        "NonrecurringOrRecurringID": "NONRECURRING",
        "DetailedStandardCategoryID": "DIRECT_MANUFACTURING_TOOLING_LABOR",
        "Value_Dollars": 3393550.707,
        "Value_Hours": 123859.516
    },
    {
        "OrderOrLotID": "2",
        "WBSElementID": "1.0",
        "NonrecurringOrRecurringID": "NONRECURRING",
        "DetailedStandardCategoryID": "PURCHASED_EQUIPMENT",
        "Value_Dollars": 2454721.053,
        "Value_Hours": 0
    },
    {
        "OrderOrLotID": "2",
        "WBSElementID": "1.0",
        "NonrecurringOrRecurringID": "NONRECURRING",
        "DetailedStandardCategoryID": "ENGINEERING_LABOR_OVERHEAD",
        "Value_Dollars": 8067116.943,
        "Value_Hours": 0
    },
    {
        "OrderOrLotID": "2",
        "WBSElementID": "1.0",
        "NonrecurringOrRecurringID": "NONRECURRING",
        "DetailedStandardCategoryID": "MANUFACTURING_OPERATIONS_LABOR_OVERHEAD",
        "Value_Dollars": 4578022.804,
        "Value_Hours": 0
    },
    {
        "OrderOrLotID": "2",
        "WBSElementID": "1.0",
        "NonrecurringOrRecurringID": "NONRECURRING",
        "DetailedStandardCategoryID": "MATERIAL_OVERHEAD",
        "Value_Dollars": 81847.331,
        "Value_Hours": 0
    },
    {
        "OrderOrLotID": "2",
        "WBSElementID": "1.0",
        "NonrecurringOrRecurringID": "NONRECURRING",
        "DetailedStandardCategoryID": "DIRECT_SERVICES",
        "Value_Dollars": 21088.704,
        "Value_Hours": 772.964
    },
    {
        "OrderOrLotID": "2",
        "WBSElementID": "1.0",
        "NonrecurringOrRecurringID": "NONRECURRING",
        "DetailedStandardCategoryID": "OTHER_OVERHEAD",
        "Value_Dollars": 25240.983,
        "Value_Hours": 0
    },
    {
        "OrderOrLotID": "2",
        "WBSElementID": "1.0",
        "NonrecurringOrRecurringID": "RECURRING",
        "DetailedStandardCategoryID": "DIRECT_ENGINEERING_LABOR",
        "Value_Dollars": 10333592.091,
        "Value_Hours": 251134.372
    },
    {
        "OrderOrLotID": "2",
        "WBSElementID": "1.0",
        "NonrecurringOrRecurringID": "RECURRING",
        "DetailedStandardCategoryID": "DIRECT_MANUFACTURING_SUPPORT_LABOR",
        "Value_Dollars": 6280106.519,
        "Value_Hours": 154309.042
    },
    {
        "OrderOrLotID": "2",
        "WBSElementID": "1.0",
        "NonrecurringOrRecurringID": "RECURRING",
        "DetailedStandardCategoryID": "DIRECT_MANUFACTURING_TOUCH_LABOR",
        "Value_Dollars": 133963215.431,
        "Value_Hours": 4595930.514
    },
    {
        "OrderOrLotID": "2",
        "WBSElementID": "1.0",
        "NonrecurringOrRecurringID": "RECURRING",
        "DetailedStandardCategoryID": "PURCHASED_EQUIPMENT",
        "Value_Dollars": 101169092.743,
        "Value_Hours": 0
    },
    {
        "OrderOrLotID": "2",
        "WBSElementID": "1.0",
        "NonrecurringOrRecurringID": "RECURRING",
        "DetailedStandardCategoryID": "PURCHASED_PARTS",
        "Value_Dollars": 50219754.004,
        "Value_Hours": 0
    },
    {
        "OrderOrLotID": "2",
        "WBSElementID": "1.0",
        "NonrecurringOrRecurringID": "RECURRING",
        "DetailedStandardCategoryID": "RAW_MATERIALS",
        "Value_Dollars": 24932498.886,
        "Value_Hours": 0
    },
    {
        "OrderOrLotID": "2",
        "WBSElementID": "1.0",
        "NonrecurringOrRecurringID": "RECURRING",
        "DetailedStandardCategoryID": "ENGINEERING_LABOR_OVERHEAD",
        "Value_Dollars": 10868325.515,
        "Value_Hours": 0
    },
    {
        "OrderOrLotID": "2",
        "WBSElementID": "1.0",
        "NonrecurringOrRecurringID": "RECURRING",
        "DetailedStandardCategoryID": "MANUFACTURING_OPERATIONS_LABOR_OVERHEAD",
        "Value_Dollars": 188734930.053,
        "Value_Hours": 0
    },
    {
        "OrderOrLotID": "2",
        "WBSElementID": "1.0",
        "NonrecurringOrRecurringID": "RECURRING",
        "DetailedStandardCategoryID": "MATERIAL_OVERHEAD",
        "Value_Dollars": 6094039.275,
        "Value_Hours": 0
    },
    {
        "OrderOrLotID": "2",
        "WBSElementID": "1.0",
        "NonrecurringOrRecurringID": "RECURRING",
        "DetailedStandardCategoryID": "DIRECT_PROGRAM_MANAGEMENT_LABOR",
        "Value_Dollars": 35821859.042,
        "Value_Hours": 928258.802
    },
    {
        "OrderOrLotID": "2",
        "WBSElementID": "1.0",
        "NonrecurringOrRecurringID": "RECURRING",
        "DetailedStandardCategoryID": "DIRECT_SERVICES",
        "Value_Dollars": 3526172.995,
        "Value_Hours": 103772.355
    },
    {
        "OrderOrLotID": "2",
        "WBSElementID": "1.0",
        "NonrecurringOrRecurringID": "RECURRING",
        "DetailedStandardCategoryID": "OTHER_OVERHEAD",
        "Value_Dollars": 37314516.841,
        "Value_Hours": 0
    },
    {
        "OrderOrLotID": "1",
        "WBSElementID": "1.1",
        "NonrecurringOrRecurringID": "NONRECURRING",
        "DetailedStandardCategoryID": "DIRECT_ENGINEERING_LABOR",
        "Value_Dollars": 17810153.02,
        "Value_Hours": 427820.05
    },
    {
        "OrderOrLotID": "1",
        "WBSElementID": "1.1",
        "NonrecurringOrRecurringID": "NONRECURRING",
        "DetailedStandardCategoryID": "DIRECT_MANUFACTURING_TOOLING_LABOR",
        "Value_Dollars": 5540188.563,
        "Value_Hours": 202467.551
    },
    {
        "OrderOrLotID": "1",
        "WBSElementID": "1.1",
        "NonrecurringOrRecurringID": "NONRECURRING",
        "DetailedStandardCategoryID": "PURCHASED_EQUIPMENT",
        "Value_Dollars": 2990609.79,
        "Value_Hours": 0
    },
    {
        "OrderOrLotID": "1",
        "WBSElementID": "1.1",
        "NonrecurringOrRecurringID": "NONRECURRING",
        "DetailedStandardCategoryID": "ENGINEERING_LABOR_OVERHEAD",
        "Value_Dollars": 18650701.67,
        "Value_Hours": 0
    },
    {
        "OrderOrLotID": "1",
        "WBSElementID": "1.1",
        "NonrecurringOrRecurringID": "NONRECURRING",
        "DetailedStandardCategoryID": "MANUFACTURING_OPERATIONS_LABOR_OVERHEAD",
        "Value_Dollars": 7654051.285,
        "Value_Hours": 0
    },
    {
        "OrderOrLotID": "1",
        "WBSElementID": "1.1",
        "NonrecurringOrRecurringID": "NONRECURRING",
        "DetailedStandardCategoryID": "MATERIAL_OVERHEAD",
        "Value_Dollars": 101968.046,
        "Value_Hours": 0
    },
    {
        "OrderOrLotID": "1",
        "WBSElementID": "1.1",
        "NonrecurringOrRecurringID": "NONRECURRING",
        "DetailedStandardCategoryID": "DIRECT_SERVICES",
        "Value_Dollars": 22780.328,
        "Value_Hours": 867.842
    },
    {
        "OrderOrLotID": "1",
        "WBSElementID": "1.1",
        "NonrecurringOrRecurringID": "NONRECURRING",
        "DetailedStandardCategoryID": "OTHER_OVERHEAD",
        "Value_Dollars": 28742.404,
        "Value_Hours": 0
    },
    {
        "OrderOrLotID": "1",
        "WBSElementID": "1.1",
        "NonrecurringOrRecurringID": "RECURRING",
        "DetailedStandardCategoryID": "DIRECT_ENGINEERING_LABOR",
        "Value_Dollars": 25218562.798,
        "Value_Hours": 582214.751
    },
    {
        "OrderOrLotID": "1",
        "WBSElementID": "1.1",
        "NonrecurringOrRecurringID": "RECURRING",
        "DetailedStandardCategoryID": "DIRECT_MANUFACTURING_SUPPORT_LABOR",
        "Value_Dollars": 20215472.638,
        "Value_Hours": 528234.259
    },
    {
        "OrderOrLotID": "1",
        "WBSElementID": "1.1",
        "NonrecurringOrRecurringID": "RECURRING",
        "DetailedStandardCategoryID": "DIRECT_MANUFACTURING_TOUCH_LABOR",
        "Value_Dollars": 293706159.321,
        "Value_Hours": 9955720.682
    },
    {
        "OrderOrLotID": "1",
        "WBSElementID": "1.1",
        "NonrecurringOrRecurringID": "RECURRING",
        "DetailedStandardCategoryID": "PURCHASED_EQUIPMENT",
        "Value_Dollars": 126761424.437,
        "Value_Hours": 0
    },
    {
        "OrderOrLotID": "1",
        "WBSElementID": "1.1",
        "NonrecurringOrRecurringID": "RECURRING",
        "DetailedStandardCategoryID": "PURCHASED_PARTS",
        "Value_Dollars": 95174860.787,
        "Value_Hours": 0
    },
    {
        "OrderOrLotID": "1",
        "WBSElementID": "1.1",
        "NonrecurringOrRecurringID": "RECURRING",
        "DetailedStandardCategoryID": "RAW_MATERIALS",
        "Value_Dollars": 29422250.417,
        "Value_Hours": 0
    },
    {
        "OrderOrLotID": "1",
        "WBSElementID": "1.1",
        "NonrecurringOrRecurringID": "RECURRING",
        "DetailedStandardCategoryID": "ENGINEERING_LABOR_OVERHEAD",
        "Value_Dollars": 26465574.53,
        "Value_Hours": 0
    },
    {
        "OrderOrLotID": "1",
        "WBSElementID": "1.1",
        "NonrecurringOrRecurringID": "RECURRING",
        "DetailedStandardCategoryID": "MANUFACTURING_OPERATIONS_LABOR_OVERHEAD",
        "Value_Dollars": 420774988.568,
        "Value_Hours": 0
    },
    {
        "OrderOrLotID": "1",
        "WBSElementID": "1.1",
        "NonrecurringOrRecurringID": "RECURRING",
        "DetailedStandardCategoryID": "MATERIAL_OVERHEAD",
        "Value_Dollars": 9043666.714,
        "Value_Hours": 0
    },
    {
        "OrderOrLotID": "1",
        "WBSElementID": "1.1",
        "NonrecurringOrRecurringID": "RECURRING",
        "DetailedStandardCategoryID": "DIRECT_PROGRAM_MANAGEMENT_LABOR",
        "Value_Dollars": 58101980.657,
        "Value_Hours": 1511751.771
    },
    {
        "OrderOrLotID": "1",
        "WBSElementID": "1.1",
        "NonrecurringOrRecurringID": "RECURRING",
        "DetailedStandardCategoryID": "DIRECT_SERVICES",
        "Value_Dollars": 3740368.974,
        "Value_Hours": 122653.229
    },
    {
        "OrderOrLotID": "1",
        "WBSElementID": "1.1",
        "NonrecurringOrRecurringID": "RECURRING",
        "DetailedStandardCategoryID": "OTHER_OVERHEAD",
        "Value_Dollars": 57448027.409,
        "Value_Hours": 0
    },
    {
        "OrderOrLotID": "2",
        "WBSElementID": "1.1",
        "NonrecurringOrRecurringID": "NONRECURRING",
        "DetailedStandardCategoryID": "DIRECT_ENGINEERING_LABOR",
        "Value_Dollars": 7113115.63,
        "Value_Hours": 170721.78
    },
    {
        "OrderOrLotID": "2",
        "WBSElementID": "1.1",
        "NonrecurringOrRecurringID": "NONRECURRING",
        "DetailedStandardCategoryID": "DIRECT_MANUFACTURING_TOOLING_LABOR",
        "Value_Dollars": 3393550.707,
        "Value_Hours": 123859.516
    },
    {
        "OrderOrLotID": "2",
        "WBSElementID": "1.1",
        "NonrecurringOrRecurringID": "NONRECURRING",
        "DetailedStandardCategoryID": "PURCHASED_EQUIPMENT",
        "Value_Dollars": 2454721.053,
        "Value_Hours": 0
    },
    {
        "OrderOrLotID": "2",
        "WBSElementID": "1.1",
        "NonrecurringOrRecurringID": "NONRECURRING",
        "DetailedStandardCategoryID": "ENGINEERING_LABOR_OVERHEAD",
        "Value_Dollars": 7376759.242,
        "Value_Hours": 0
    },
    {
        "OrderOrLotID": "2",
        "WBSElementID": "1.1",
        "NonrecurringOrRecurringID": "NONRECURRING",
        "DetailedStandardCategoryID": "MANUFACTURING_OPERATIONS_LABOR_OVERHEAD",
        "Value_Dollars": 4578022.804,
        "Value_Hours": 0
    },
    {
        "OrderOrLotID": "2",
        "WBSElementID": "1.1",
        "NonrecurringOrRecurringID": "NONRECURRING",
        "DetailedStandardCategoryID": "MATERIAL_OVERHEAD",
        "Value_Dollars": 81847.331,
        "Value_Hours": 0
    },
    {
        "OrderOrLotID": "2",
        "WBSElementID": "1.1",
        "NonrecurringOrRecurringID": "NONRECURRING",
        "DetailedStandardCategoryID": "DIRECT_SERVICES",
        "Value_Dollars": 21088.704,
        "Value_Hours": 772.964
    },
    {
        "OrderOrLotID": "2",
        "WBSElementID": "1.1",
        "NonrecurringOrRecurringID": "NONRECURRING",
        "DetailedStandardCategoryID": "OTHER_OVERHEAD",
        "Value_Dollars": 25240.983,
        "Value_Hours": 0
    },
    {
        "OrderOrLotID": "2",
        "WBSElementID": "1.1",
        "NonrecurringOrRecurringID": "RECURRING",
        "DetailedStandardCategoryID": "DIRECT_ENGINEERING_LABOR",
        "Value_Dollars": 9596724.28,
        "Value_Hours": 230882.474
    },
    {
        "OrderOrLotID": "2",
        "WBSElementID": "1.1",
        "NonrecurringOrRecurringID": "RECURRING",
        "DetailedStandardCategoryID": "DIRECT_MANUFACTURING_SUPPORT_LABOR",
        "Value_Dollars": 5803189.323,
        "Value_Hours": 141676.407
    },
    {
        "OrderOrLotID": "2",
        "WBSElementID": "1.1",
        "NonrecurringOrRecurringID": "RECURRING",
        "DetailedStandardCategoryID": "DIRECT_MANUFACTURING_TOUCH_LABOR",
        "Value_Dollars": 133963215.431,
        "Value_Hours": 4595930.514
    },
    {
        "OrderOrLotID": "2",
        "WBSElementID": "1.1",
        "NonrecurringOrRecurringID": "RECURRING",
        "DetailedStandardCategoryID": "PURCHASED_EQUIPMENT",
        "Value_Dollars": 86099785.184,
        "Value_Hours": 0
    },
    {
        "OrderOrLotID": "2",
        "WBSElementID": "1.1",
        "NonrecurringOrRecurringID": "RECURRING",
        "DetailedStandardCategoryID": "PURCHASED_PARTS",
        "Value_Dollars": 50161346.898,
        "Value_Hours": 0
    },
    {
        "OrderOrLotID": "2",
        "WBSElementID": "1.1",
        "NonrecurringOrRecurringID": "RECURRING",
        "DetailedStandardCategoryID": "RAW_MATERIALS",
        "Value_Dollars": 24932498.886,
        "Value_Hours": 0
    },
    {
        "OrderOrLotID": "2",
        "WBSElementID": "1.1",
        "NonrecurringOrRecurringID": "RECURRING",
        "DetailedStandardCategoryID": "ENGINEERING_LABOR_OVERHEAD",
        "Value_Dollars": 10102242.762,
        "Value_Hours": 0
    },
    {
        "OrderOrLotID": "2",
        "WBSElementID": "1.1",
        "NonrecurringOrRecurringID": "RECURRING",
        "DetailedStandardCategoryID": "MANUFACTURING_OPERATIONS_LABOR_OVERHEAD",
        "Value_Dollars": 188039281.417,
        "Value_Hours": 0
    },
    {
        "OrderOrLotID": "2",
        "WBSElementID": "1.1",
        "NonrecurringOrRecurringID": "RECURRING",
        "DetailedStandardCategoryID": "MATERIAL_OVERHEAD",
        "Value_Dollars": 5554086.404,
        "Value_Hours": 0
    },
    {
        "OrderOrLotID": "2",
        "WBSElementID": "1.1",
        "NonrecurringOrRecurringID": "RECURRING",
        "DetailedStandardCategoryID": "DIRECT_PROGRAM_MANAGEMENT_LABOR",
        "Value_Dollars": 33220899.789,
        "Value_Hours": 874375.059
    },
    {
        "OrderOrLotID": "2",
        "WBSElementID": "1.1",
        "NonrecurringOrRecurringID": "RECURRING",
        "DetailedStandardCategoryID": "DIRECT_SERVICES",
        "Value_Dollars": 2248616.466,
        "Value_Hours": 77548.984
    },
    {
        "OrderOrLotID": "2",
        "WBSElementID": "1.1",
        "NonrecurringOrRecurringID": "RECURRING",
        "DetailedStandardCategoryID": "OTHER_OVERHEAD",
        "Value_Dollars": 33784064.771,
        "Value_Hours": 0
    },
    {
        "OrderOrLotID": "1",
        "WBSElementID": "1.1.1",
        "NonrecurringOrRecurringID": "RECURRING",
        "DetailedStandardCategoryID": "DIRECT_MANUFACTURING_SUPPORT_LABOR",
        "Value_Dollars": 1009850.702,
        "Value_Hours": 34286.192
    },
    {
        "OrderOrLotID": "1",
        "WBSElementID": "1.1.1",
        "NonrecurringOrRecurringID": "RECURRING",
        "DetailedStandardCategoryID": "DIRECT_MANUFACTURING_TOUCH_LABOR",
        "Value_Dollars": 138652504.892,
        "Value_Hours": 4951213.917
    },
    {
        "OrderOrLotID": "1",
        "WBSElementID": "1.1.1",
        "NonrecurringOrRecurringID": "RECURRING",
        "DetailedStandardCategoryID": "PURCHASED_EQUIPMENT",
        "Value_Dollars": 53483644.203,
        "Value_Hours": 0
    },
    {
        "OrderOrLotID": "1",
        "WBSElementID": "1.1.1",
        "NonrecurringOrRecurringID": "RECURRING",
        "DetailedStandardCategoryID": "PURCHASED_PARTS",
        "Value_Dollars": 21979886.035,
        "Value_Hours": 0
    },
    {
        "OrderOrLotID": "1",
        "WBSElementID": "1.1.1",
        "NonrecurringOrRecurringID": "RECURRING",
        "DetailedStandardCategoryID": "RAW_MATERIALS",
        "Value_Dollars": 14228222.351,
        "Value_Hours": 0
    },
    {
        "OrderOrLotID": "1",
        "WBSElementID": "1.1.1",
        "NonrecurringOrRecurringID": "RECURRING",
        "DetailedStandardCategoryID": "MANUFACTURING_OPERATIONS_LABOR_OVERHEAD",
        "Value_Dollars": 182764324.083,
        "Value_Hours": 0
    },
    {
        "OrderOrLotID": "1",
        "WBSElementID": "1.1.1",
        "NonrecurringOrRecurringID": "RECURRING",
        "DetailedStandardCategoryID": "MATERIAL_OVERHEAD",
        "Value_Dollars": 3315864.72,
        "Value_Hours": 0
    },
    {
        "OrderOrLotID": "2",
        "WBSElementID": "1.1.1",
        "NonrecurringOrRecurringID": "RECURRING",
        "DetailedStandardCategoryID": "DIRECT_MANUFACTURING_SUPPORT_LABOR",
        "Value_Dollars": 44082.033,
        "Value_Hours": 1430.121
    },
    {
        "OrderOrLotID": "2",
        "WBSElementID": "1.1.1",
        "NonrecurringOrRecurringID": "RECURRING",
        "DetailedStandardCategoryID": "DIRECT_MANUFACTURING_TOUCH_LABOR",
        "Value_Dollars": 70917801.551,
        "Value_Hours": 2561818.825
    },
    {
        "OrderOrLotID": "2",
        "WBSElementID": "1.1.1",
        "NonrecurringOrRecurringID": "RECURRING",
        "DetailedStandardCategoryID": "PURCHASED_EQUIPMENT",
        "Value_Dollars": 34479118.128,
        "Value_Hours": 0
    },
    {
        "OrderOrLotID": "2",
        "WBSElementID": "1.1.1",
        "NonrecurringOrRecurringID": "RECURRING",
        "DetailedStandardCategoryID": "PURCHASED_PARTS",
        "Value_Dollars": 11103335.663,
        "Value_Hours": 0
    },
    {
        "OrderOrLotID": "2",
        "WBSElementID": "1.1.1",
        "NonrecurringOrRecurringID": "RECURRING",
        "DetailedStandardCategoryID": "RAW_MATERIALS",
        "Value_Dollars": 11687524.491,
        "Value_Hours": 0
    },
    {
        "OrderOrLotID": "2",
        "WBSElementID": "1.1.1",
        "NonrecurringOrRecurringID": "RECURRING",
        "DetailedStandardCategoryID": "MANUFACTURING_OPERATIONS_LABOR_OVERHEAD",
        "Value_Dollars": 92661155.266,
        "Value_Hours": 0
    },
    {
        "OrderOrLotID": "2",
        "WBSElementID": "1.1.1",
        "NonrecurringOrRecurringID": "RECURRING",
        "DetailedStandardCategoryID": "MATERIAL_OVERHEAD",
        "Value_Dollars": 2008490.212,
        "Value_Hours": 0
    },
    {
        "OrderOrLotID": "1",
        "WBSElementID": "1.1.1.2",
        "NonrecurringOrRecurringID": "RECURRING",
        "DetailedStandardCategoryID": "DIRECT_MANUFACTURING_SUPPORT_LABOR",
        "Value_Dollars": 698235.851,
        "Value_Hours": 24336.56
    },
    {
        "OrderOrLotID": "1",
        "WBSElementID": "1.1.1.2",
        "NonrecurringOrRecurringID": "RECURRING",
        "DetailedStandardCategoryID": "DIRECT_MANUFACTURING_TOUCH_LABOR",
        "Value_Dollars": 75434212.736,
        "Value_Hours": 2726508.179
    },
    {
        "OrderOrLotID": "1",
        "WBSElementID": "1.1.1.2",
        "NonrecurringOrRecurringID": "RECURRING",
        "DetailedStandardCategoryID": "PURCHASED_EQUIPMENT",
        "Value_Dollars": 17987298.494,
        "Value_Hours": 0
    },
    {
        "OrderOrLotID": "1",
        "WBSElementID": "1.1.1.2",
        "NonrecurringOrRecurringID": "RECURRING",
        "DetailedStandardCategoryID": "PURCHASED_PARTS",
        "Value_Dollars": 8520038.246,
        "Value_Hours": 0
    },
    {
        "OrderOrLotID": "1",
        "WBSElementID": "1.1.1.2",
        "NonrecurringOrRecurringID": "RECURRING",
        "DetailedStandardCategoryID": "RAW_MATERIALS",
        "Value_Dollars": 14228222.351,
        "Value_Hours": 0
    },
    {
        "OrderOrLotID": "1",
        "WBSElementID": "1.1.1.2",
        "NonrecurringOrRecurringID": "RECURRING",
        "DetailedStandardCategoryID": "MANUFACTURING_OPERATIONS_LABOR_OVERHEAD",
        "Value_Dollars": 98759921.057,
        "Value_Hours": 0
    },
    {
        "OrderOrLotID": "1",
        "WBSElementID": "1.1.1.2",
        "NonrecurringOrRecurringID": "RECURRING",
        "DetailedStandardCategoryID": "MATERIAL_OVERHEAD",
        "Value_Dollars": 1488431.427,
        "Value_Hours": 0
    },
    {
        "OrderOrLotID": "2",
        "WBSElementID": "1.1.1.2",
        "NonrecurringOrRecurringID": "RECURRING",
        "DetailedStandardCategoryID": "DIRECT_MANUFACTURING_SUPPORT_LABOR",
        "Value_Dollars": 25741.848,
        "Value_Hours": 822.551
    },
    {
        "OrderOrLotID": "2",
        "WBSElementID": "1.1.1.2",
        "NonrecurringOrRecurringID": "RECURRING",
        "DetailedStandardCategoryID": "DIRECT_MANUFACTURING_TOUCH_LABOR",
        "Value_Dollars": 49463817.009,
        "Value_Hours": 1805203.167
    },
    {
        "OrderOrLotID": "2",
        "WBSElementID": "1.1.1.2",
        "NonrecurringOrRecurringID": "RECURRING",
        "DetailedStandardCategoryID": "PURCHASED_EQUIPMENT",
        "Value_Dollars": 11754655.777,
        "Value_Hours": 0
    },
    {
        "OrderOrLotID": "2",
        "WBSElementID": "1.1.1.2",
        "NonrecurringOrRecurringID": "RECURRING",
        "DetailedStandardCategoryID": "PURCHASED_PARTS",
        "Value_Dollars": 5957224.366,
        "Value_Hours": 0
    },
    {
        "OrderOrLotID": "2",
        "WBSElementID": "1.1.1.2",
        "NonrecurringOrRecurringID": "RECURRING",
        "DetailedStandardCategoryID": "RAW_MATERIALS",
        "Value_Dollars": 11687524.491,
        "Value_Hours": 0
    },
    {
        "OrderOrLotID": "2",
        "WBSElementID": "1.1.1.2",
        "NonrecurringOrRecurringID": "RECURRING",
        "DetailedStandardCategoryID": "MANUFACTURING_OPERATIONS_LABOR_OVERHEAD",
        "Value_Dollars": 63987678.288,
        "Value_Hours": 0
    },
    {
        "OrderOrLotID": "2",
        "WBSElementID": "1.1.1.2",
        "NonrecurringOrRecurringID": "RECURRING",
        "DetailedStandardCategoryID": "MATERIAL_OVERHEAD",
        "Value_Dollars": 1050576.412,
        "Value_Hours": 0
    },
    {
        "OrderOrLotID": "1",
        "WBSElementID": "1.1.1.3",
        "NonrecurringOrRecurringID": "RECURRING",
        "DetailedStandardCategoryID": "DIRECT_MANUFACTURING_SUPPORT_LABOR",
        "Value_Dollars": 210744.081,
        "Value_Hours": 6660.892
    },
    {
        "OrderOrLotID": "1",
        "WBSElementID": "1.1.1.3",
        "NonrecurringOrRecurringID": "RECURRING",
        "DetailedStandardCategoryID": "DIRECT_MANUFACTURING_TOUCH_LABOR",
        "Value_Dollars": 11776176.205,
        "Value_Hours": 417698.615
    },
    {
        "OrderOrLotID": "1",
        "WBSElementID": "1.1.1.3",
        "NonrecurringOrRecurringID": "RECURRING",
        "DetailedStandardCategoryID": "PURCHASED_EQUIPMENT",
        "Value_Dollars": 15757913.16,
        "Value_Hours": 0
    },
    {
        "OrderOrLotID": "1",
        "WBSElementID": "1.1.1.3",
        "NonrecurringOrRecurringID": "RECURRING",
        "DetailedStandardCategoryID": "PURCHASED_PARTS",
        "Value_Dollars": 335391.324,
        "Value_Hours": 0
    },
    {
        "OrderOrLotID": "1",
        "WBSElementID": "1.1.1.3",
        "NonrecurringOrRecurringID": "RECURRING",
        "DetailedStandardCategoryID": "MANUFACTURING_OPERATIONS_LABOR_OVERHEAD",
        "Value_Dollars": 15804175.503,
        "Value_Hours": 0
    },
    {
        "OrderOrLotID": "1",
        "WBSElementID": "1.1.1.3",
        "NonrecurringOrRecurringID": "RECURRING",
        "DetailedStandardCategoryID": "MATERIAL_OVERHEAD",
        "Value_Dollars": 551825.341,
        "Value_Hours": 0
    },
    {
        "OrderOrLotID": "2",
        "WBSElementID": "1.1.1.3",
        "NonrecurringOrRecurringID": "RECURRING",
        "DetailedStandardCategoryID": "DIRECT_MANUFACTURING_SUPPORT_LABOR",
        "Value_Dollars": 11308.634,
        "Value_Hours": 401.993
    },
    {
        "OrderOrLotID": "2",
        "WBSElementID": "1.1.1.3",
        "NonrecurringOrRecurringID": "RECURRING",
        "DetailedStandardCategoryID": "DIRECT_MANUFACTURING_TOUCH_LABOR",
        "Value_Dollars": 6012715.984,
        "Value_Hours": 216138.946
    },
    {
        "OrderOrLotID": "2",
        "WBSElementID": "1.1.1.3",
        "NonrecurringOrRecurringID": "RECURRING",
        "DetailedStandardCategoryID": "PURCHASED_EQUIPMENT",
        "Value_Dollars": 12686157.024,
        "Value_Hours": 0
    },
    {
        "OrderOrLotID": "2",
        "WBSElementID": "1.1.1.3",
        "NonrecurringOrRecurringID": "RECURRING",
        "DetailedStandardCategoryID": "PURCHASED_PARTS",
        "Value_Dollars": 40195.162,
        "Value_Hours": 0
    },
    {
        "OrderOrLotID": "2",
        "WBSElementID": "1.1.1.3",
        "NonrecurringOrRecurringID": "RECURRING",
        "DetailedStandardCategoryID": "MANUFACTURING_OPERATIONS_LABOR_OVERHEAD",
        "Value_Dollars": 8098796.548,
        "Value_Hours": 0
    },
    {
        "OrderOrLotID": "2",
        "WBSElementID": "1.1.1.3",
        "NonrecurringOrRecurringID": "RECURRING",
        "DetailedStandardCategoryID": "MATERIAL_OVERHEAD",
        "Value_Dollars": 433999.262,
        "Value_Hours": 0
    },
    {
        "OrderOrLotID": "1",
        "WBSElementID": "1.1.1.4",
        "NonrecurringOrRecurringID": "RECURRING",
        "DetailedStandardCategoryID": "DIRECT_MANUFACTURING_SUPPORT_LABOR",
        "Value_Dollars": 25224.219,
        "Value_Hours": 821.894
    },
    {
        "OrderOrLotID": "1",
        "WBSElementID": "1.1.1.4",
        "NonrecurringOrRecurringID": "RECURRING",
        "DetailedStandardCategoryID": "DIRECT_MANUFACTURING_TOUCH_LABOR",
        "Value_Dollars": 1962441.721,
        "Value_Hours": 69389.952
    },
    {
        "OrderOrLotID": "1",
        "WBSElementID": "1.1.1.4",
        "NonrecurringOrRecurringID": "RECURRING",
        "DetailedStandardCategoryID": "PURCHASED_EQUIPMENT",
        "Value_Dollars": 2130954.391,
        "Value_Hours": 0
    },
    {
        "OrderOrLotID": "1",
        "WBSElementID": "1.1.1.4",
        "NonrecurringOrRecurringID": "RECURRING",
        "DetailedStandardCategoryID": "MANUFACTURING_OPERATIONS_LABOR_OVERHEAD",
        "Value_Dollars": 2637950.558,
        "Value_Hours": 0
    },
    {
        "OrderOrLotID": "1",
        "WBSElementID": "1.1.1.4",
        "NonrecurringOrRecurringID": "RECURRING",
        "DetailedStandardCategoryID": "MATERIAL_OVERHEAD",
        "Value_Dollars": 92600.862,
        "Value_Hours": 0
    },
    {
        "OrderOrLotID": "2",
        "WBSElementID": "1.1.1.4",
        "NonrecurringOrRecurringID": "RECURRING",
        "DetailedStandardCategoryID": "DIRECT_MANUFACTURING_SUPPORT_LABOR",
        "Value_Dollars": 531.31,
        "Value_Hours": 13.878
    },
    {
        "OrderOrLotID": "2",
        "WBSElementID": "1.1.1.4",
        "NonrecurringOrRecurringID": "RECURRING",
        "DetailedStandardCategoryID": "DIRECT_MANUFACTURING_TOUCH_LABOR",
        "Value_Dollars": 225691.947,
        "Value_Hours": 8124.026
    },
    {
        "OrderOrLotID": "2",
        "WBSElementID": "1.1.1.4",
        "NonrecurringOrRecurringID": "RECURRING",
        "DetailedStandardCategoryID": "PURCHASED_EQUIPMENT",
        "Value_Dollars": 887773.544,
        "Value_Hours": 0
    },
    {
        "OrderOrLotID": "2",
        "WBSElementID": "1.1.1.4",
        "NonrecurringOrRecurringID": "RECURRING",
        "DetailedStandardCategoryID": "MANUFACTURING_OPERATIONS_LABOR_OVERHEAD",
        "Value_Dollars": 297656.608,
        "Value_Hours": 0
    },
    {
        "OrderOrLotID": "2",
        "WBSElementID": "1.1.1.4",
        "NonrecurringOrRecurringID": "RECURRING",
        "DetailedStandardCategoryID": "MATERIAL_OVERHEAD",
        "Value_Dollars": 41126.217,
        "Value_Hours": 0
    },
    {
        "OrderOrLotID": "1",
        "WBSElementID": "1.1.1.5",
        "NonrecurringOrRecurringID": "RECURRING",
        "DetailedStandardCategoryID": "DIRECT_MANUFACTURING_SUPPORT_LABOR",
        "Value_Dollars": 75646.551,
        "Value_Hours": 2466.846
    },
    {
        "OrderOrLotID": "1",
        "WBSElementID": "1.1.1.5",
        "NonrecurringOrRecurringID": "RECURRING",
        "DetailedStandardCategoryID": "DIRECT_MANUFACTURING_TOUCH_LABOR",
        "Value_Dollars": 49479674.23,
        "Value_Hours": 1737617.17
    },
    {
        "OrderOrLotID": "1",
        "WBSElementID": "1.1.1.5",
        "NonrecurringOrRecurringID": "RECURRING",
        "DetailedStandardCategoryID": "PURCHASED_EQUIPMENT",
        "Value_Dollars": 17607478.158,
        "Value_Hours": 0
    },
    {
        "OrderOrLotID": "1",
        "WBSElementID": "1.1.1.5",
        "NonrecurringOrRecurringID": "RECURRING",
        "DetailedStandardCategoryID": "PURCHASED_PARTS",
        "Value_Dollars": 13124456.464,
        "Value_Hours": 0
    },
    {
        "OrderOrLotID": "1",
        "WBSElementID": "1.1.1.5",
        "NonrecurringOrRecurringID": "RECURRING",
        "DetailedStandardCategoryID": "MANUFACTURING_OPERATIONS_LABOR_OVERHEAD",
        "Value_Dollars": 65562276.966,
        "Value_Hours": 0
    },
    {
        "OrderOrLotID": "1",
        "WBSElementID": "1.1.1.5",
        "NonrecurringOrRecurringID": "RECURRING",
        "DetailedStandardCategoryID": "MATERIAL_OVERHEAD",
        "Value_Dollars": 1183007.09,
        "Value_Hours": 0
    },
    {
        "OrderOrLotID": "2",
        "WBSElementID": "1.1.1.5",
        "NonrecurringOrRecurringID": "RECURRING",
        "DetailedStandardCategoryID": "DIRECT_MANUFACTURING_SUPPORT_LABOR",
        "Value_Dollars": 6500.24,
        "Value_Hours": 191.699
    },
    {
        "OrderOrLotID": "2",
        "WBSElementID": "1.1.1.5",
        "NonrecurringOrRecurringID": "RECURRING",
        "DetailedStandardCategoryID": "DIRECT_MANUFACTURING_TOUCH_LABOR",
        "Value_Dollars": 15215576.611,
        "Value_Hours": 532352.686
    },
    {
        "OrderOrLotID": "2",
        "WBSElementID": "1.1.1.5",
        "NonrecurringOrRecurringID": "RECURRING",
        "DetailedStandardCategoryID": "PURCHASED_EQUIPMENT",
        "Value_Dollars": 9150531.782,
        "Value_Hours": 0
    },
    {
        "OrderOrLotID": "2",
        "WBSElementID": "1.1.1.5",
        "NonrecurringOrRecurringID": "RECURRING",
        "DetailedStandardCategoryID": "PURCHASED_PARTS",
        "Value_Dollars": 5105916.135,
        "Value_Hours": 0
    },
    {
        "OrderOrLotID": "2",
        "WBSElementID": "1.1.1.5",
        "NonrecurringOrRecurringID": "RECURRING",
        "DetailedStandardCategoryID": "MANUFACTURING_OPERATIONS_LABOR_OVERHEAD",
        "Value_Dollars": 20277023.822,
        "Value_Hours": 0
    },
    {
        "OrderOrLotID": "2",
        "WBSElementID": "1.1.1.5",
        "NonrecurringOrRecurringID": "RECURRING",
        "DetailedStandardCategoryID": "MATERIAL_OVERHEAD",
        "Value_Dollars": 482788.321,
        "Value_Hours": 0
    },
    {
        "OrderOrLotID": "1",
        "WBSElementID": "1.1.12",
        "NonrecurringOrRecurringID": "NONRECURRING",
        "DetailedStandardCategoryID": "DIRECT_ENGINEERING_LABOR",
        "Value_Dollars": 7931892.676,
        "Value_Hours": 188691.093
    },
    {
        "OrderOrLotID": "1",
        "WBSElementID": "1.1.12",
        "NonrecurringOrRecurringID": "NONRECURRING",
        "DetailedStandardCategoryID": "ENGINEERING_LABOR_OVERHEAD",
        "Value_Dollars": 8325070.373,
        "Value_Hours": 0
    },
    {
        "OrderOrLotID": "1",
        "WBSElementID": "1.1.12",
        "NonrecurringOrRecurringID": "RECURRING",
        "DetailedStandardCategoryID": "DIRECT_ENGINEERING_LABOR",
        "Value_Dollars": 12339405.998,
        "Value_Hours": 284876.828
    },
    {
        "OrderOrLotID": "1",
        "WBSElementID": "1.1.12",
        "NonrecurringOrRecurringID": "RECURRING",
        "DetailedStandardCategoryID": "DIRECT_MANUFACTURING_SUPPORT_LABOR",
        "Value_Dollars": 41304.7,
        "Value_Hours": 1280.108
    },
    {
        "OrderOrLotID": "1",
        "WBSElementID": "1.1.12",
        "NonrecurringOrRecurringID": "RECURRING",
        "DetailedStandardCategoryID": "DIRECT_MANUFACTURING_TOUCH_LABOR",
        "Value_Dollars": 1322867.888,
        "Value_Hours": 44953.825
    },
    {
        "OrderOrLotID": "1",
        "WBSElementID": "1.1.12",
        "NonrecurringOrRecurringID": "RECURRING",
        "DetailedStandardCategoryID": "PURCHASED_PARTS",
        "Value_Dollars": 1641747.613,
        "Value_Hours": 0
    },
    {
        "OrderOrLotID": "1",
        "WBSElementID": "1.1.12",
        "NonrecurringOrRecurringID": "RECURRING",
        "DetailedStandardCategoryID": "ENGINEERING_LABOR_OVERHEAD",
        "Value_Dollars": 12949567.02,
        "Value_Hours": 0
    },
    {
        "OrderOrLotID": "1",
        "WBSElementID": "1.1.12",
        "NonrecurringOrRecurringID": "RECURRING",
        "DetailedStandardCategoryID": "MANUFACTURING_OPERATIONS_LABOR_OVERHEAD",
        "Value_Dollars": 1915529.241,
        "Value_Hours": 0
    },
    {
        "OrderOrLotID": "1",
        "WBSElementID": "1.1.12",
        "NonrecurringOrRecurringID": "RECURRING",
        "DetailedStandardCategoryID": "MATERIAL_OVERHEAD",
        "Value_Dollars": 63685.611,
        "Value_Hours": 0
    },
    {
        "OrderOrLotID": "1",
        "WBSElementID": "1.1.12",
        "NonrecurringOrRecurringID": "RECURRING",
        "DetailedStandardCategoryID": "DIRECT_PROGRAM_MANAGEMENT_LABOR",
        "Value_Dollars": 28422251.829,
        "Value_Hours": 739457.809
    },
    {
        "OrderOrLotID": "1",
        "WBSElementID": "1.1.12",
        "NonrecurringOrRecurringID": "RECURRING",
        "DetailedStandardCategoryID": "OTHER_OVERHEAD",
        "Value_Dollars": 28102635.047,
        "Value_Hours": 0
    },
    {
        "OrderOrLotID": "2",
        "WBSElementID": "1.1.12",
        "NonrecurringOrRecurringID": "NONRECURRING",
        "DetailedStandardCategoryID": "DIRECT_ENGINEERING_LABOR",
        "Value_Dollars": 3451998.618,
        "Value_Hours": 82528.698
    },
    {
        "OrderOrLotID": "2",
        "WBSElementID": "1.1.12",
        "NonrecurringOrRecurringID": "NONRECURRING",
        "DetailedStandardCategoryID": "ENGINEERING_LABOR_OVERHEAD",
        "Value_Dollars": 3577697.93,
        "Value_Hours": 0
    },
    {
        "OrderOrLotID": "2",
        "WBSElementID": "1.1.12",
        "NonrecurringOrRecurringID": "RECURRING",
        "DetailedStandardCategoryID": "DIRECT_ENGINEERING_LABOR",
        "Value_Dollars": 4695663.194,
        "Value_Hours": 112970.458
    },
    {
        "OrderOrLotID": "2",
        "WBSElementID": "1.1.12",
        "NonrecurringOrRecurringID": "RECURRING",
        "DetailedStandardCategoryID": "DIRECT_MANUFACTURING_SUPPORT_LABOR",
        "Value_Dollars": 1235.078,
        "Value_Hours": 21.411
    },
    {
        "OrderOrLotID": "2",
        "WBSElementID": "1.1.12",
        "NonrecurringOrRecurringID": "RECURRING",
        "DetailedStandardCategoryID": "DIRECT_MANUFACTURING_TOUCH_LABOR",
        "Value_Dollars": 537974.67,
        "Value_Hours": 17475.689
    },
    {
        "OrderOrLotID": "2",
        "WBSElementID": "1.1.12",
        "NonrecurringOrRecurringID": "RECURRING",
        "DetailedStandardCategoryID": "PURCHASED_PARTS",
        "Value_Dollars": 385428.559,
        "Value_Hours": 0
    },
    {
        "OrderOrLotID": "2",
        "WBSElementID": "1.1.12",
        "NonrecurringOrRecurringID": "RECURRING",
        "DetailedStandardCategoryID": "ENGINEERING_LABOR_OVERHEAD",
        "Value_Dollars": 4943012.65,
        "Value_Hours": 0
    },
    {
        "OrderOrLotID": "2",
        "WBSElementID": "1.1.12",
        "NonrecurringOrRecurringID": "RECURRING",
        "DetailedStandardCategoryID": "MANUFACTURING_OPERATIONS_LABOR_OVERHEAD",
        "Value_Dollars": 770880.459,
        "Value_Hours": 0
    },
    {
        "OrderOrLotID": "2",
        "WBSElementID": "1.1.12",
        "NonrecurringOrRecurringID": "RECURRING",
        "DetailedStandardCategoryID": "MATERIAL_OVERHEAD",
        "Value_Dollars": 15733.295,
        "Value_Hours": 0
    },
    {
        "OrderOrLotID": "2",
        "WBSElementID": "1.1.12",
        "NonrecurringOrRecurringID": "RECURRING",
        "DetailedStandardCategoryID": "DIRECT_PROGRAM_MANAGEMENT_LABOR",
        "Value_Dollars": 16249683.74,
        "Value_Hours": 427629.391
    },
    {
        "OrderOrLotID": "2",
        "WBSElementID": "1.1.12",
        "NonrecurringOrRecurringID": "RECURRING",
        "DetailedStandardCategoryID": "OTHER_OVERHEAD",
        "Value_Dollars": 16525968.514,
        "Value_Hours": 0
    },
    {
        "OrderOrLotID": "1",
        "WBSElementID": "1.1.2",
        "NonrecurringOrRecurringID": "RECURRING",
        "DetailedStandardCategoryID": "DIRECT_MANUFACTURING_SUPPORT_LABOR",
        "Value_Dollars": 98363.939,
        "Value_Hours": 3342.764
    },
    {
        "OrderOrLotID": "1",
        "WBSElementID": "1.1.2",
        "NonrecurringOrRecurringID": "RECURRING",
        "DetailedStandardCategoryID": "DIRECT_MANUFACTURING_TOUCH_LABOR",
        "Value_Dollars": 35822889.568,
        "Value_Hours": 1256983.728
    },
    {
        "OrderOrLotID": "1",
        "WBSElementID": "1.1.2",
        "NonrecurringOrRecurringID": "RECURRING",
        "DetailedStandardCategoryID": "PURCHASED_EQUIPMENT",
        "Value_Dollars": 22369540.795,
        "Value_Hours": 0
    },
    {
        "OrderOrLotID": "1",
        "WBSElementID": "1.1.2",
        "NonrecurringOrRecurringID": "RECURRING",
        "DetailedStandardCategoryID": "PURCHASED_PARTS",
        "Value_Dollars": 24567353.857,
        "Value_Hours": 0
    },
    {
        "OrderOrLotID": "1",
        "WBSElementID": "1.1.2",
        "NonrecurringOrRecurringID": "RECURRING",
        "DetailedStandardCategoryID": "RAW_MATERIALS",
        "Value_Dollars": 11997514.098,
        "Value_Hours": 0
    },
    {
        "OrderOrLotID": "1",
        "WBSElementID": "1.1.2",
        "NonrecurringOrRecurringID": "RECURRING",
        "DetailedStandardCategoryID": "MANUFACTURING_OPERATIONS_LABOR_OVERHEAD",
        "Value_Dollars": 48584406.303,
        "Value_Hours": 0
    },
    {
        "OrderOrLotID": "1",
        "WBSElementID": "1.1.2",
        "NonrecurringOrRecurringID": "RECURRING",
        "DetailedStandardCategoryID": "MATERIAL_OVERHEAD",
        "Value_Dollars": 1997555.418,
        "Value_Hours": 0
    },
    {
        "OrderOrLotID": "2",
        "WBSElementID": "1.1.2",
        "NonrecurringOrRecurringID": "RECURRING",
        "DetailedStandardCategoryID": "DIRECT_MANUFACTURING_TOUCH_LABOR",
        "Value_Dollars": 7788223.149,
        "Value_Hours": 275298.893
    },
    {
        "OrderOrLotID": "2",
        "WBSElementID": "1.1.2",
        "NonrecurringOrRecurringID": "RECURRING",
        "DetailedStandardCategoryID": "PURCHASED_EQUIPMENT",
        "Value_Dollars": 17497838.685,
        "Value_Hours": 0
    },
    {
        "OrderOrLotID": "2",
        "WBSElementID": "1.1.2",
        "NonrecurringOrRecurringID": "RECURRING",
        "DetailedStandardCategoryID": "PURCHASED_PARTS",
        "Value_Dollars": 15937870.196,
        "Value_Hours": 0
    },
    {
        "OrderOrLotID": "2",
        "WBSElementID": "1.1.2",
        "NonrecurringOrRecurringID": "RECURRING",
        "DetailedStandardCategoryID": "RAW_MATERIALS",
        "Value_Dollars": 10707385.161,
        "Value_Hours": 0
    },
    {
        "OrderOrLotID": "2",
        "WBSElementID": "1.1.2",
        "NonrecurringOrRecurringID": "RECURRING",
        "DetailedStandardCategoryID": "MANUFACTURING_OPERATIONS_LABOR_OVERHEAD",
        "Value_Dollars": 10548615.392,
        "Value_Hours": 0
    },
    {
        "OrderOrLotID": "2",
        "WBSElementID": "1.1.2",
        "NonrecurringOrRecurringID": "RECURRING",
        "DetailedStandardCategoryID": "MATERIAL_OVERHEAD",
        "Value_Dollars": 1498200.608,
        "Value_Hours": 0
    },
    {
        "OrderOrLotID": "1",
        "WBSElementID": "1.1.3",
        "NonrecurringOrRecurringID": "NONRECURRING",
        "DetailedStandardCategoryID": "DIRECT_ENGINEERING_LABOR",
        "Value_Dollars": 9511905.644,
        "Value_Hours": 228762.449
    },
    {
        "OrderOrLotID": "1",
        "WBSElementID": "1.1.3",
        "NonrecurringOrRecurringID": "NONRECURRING",
        "DetailedStandardCategoryID": "ENGINEERING_LABOR_OVERHEAD",
        "Value_Dollars": 9943995.38,
        "Value_Hours": 0
    },
    {
        "OrderOrLotID": "1",
        "WBSElementID": "1.1.3",
        "NonrecurringOrRecurringID": "RECURRING",
        "DetailedStandardCategoryID": "DIRECT_ENGINEERING_LABOR",
        "Value_Dollars": 12879156.8,
        "Value_Hours": 297337.922
    },
    {
        "OrderOrLotID": "1",
        "WBSElementID": "1.1.3",
        "NonrecurringOrRecurringID": "RECURRING",
        "DetailedStandardCategoryID": "DIRECT_MANUFACTURING_SUPPORT_LABOR",
        "Value_Dollars": 2433496.422,
        "Value_Hours": 82804.781
    },
    {
        "OrderOrLotID": "1",
        "WBSElementID": "1.1.3",
        "NonrecurringOrRecurringID": "RECURRING",
        "DetailedStandardCategoryID": "DIRECT_MANUFACTURING_TOUCH_LABOR",
        "Value_Dollars": 46325527.502,
        "Value_Hours": 1664886.703
    },
    {
        "OrderOrLotID": "1",
        "WBSElementID": "1.1.3",
        "NonrecurringOrRecurringID": "RECURRING",
        "DetailedStandardCategoryID": "PURCHASED_EQUIPMENT",
        "Value_Dollars": 46244503.87,
        "Value_Hours": 0
    },
    {
        "OrderOrLotID": "1",
        "WBSElementID": "1.1.3",
        "NonrecurringOrRecurringID": "RECURRING",
        "DetailedStandardCategoryID": "PURCHASED_PARTS",
        "Value_Dollars": 24553244.383,
        "Value_Hours": 0
    },
    {
        "OrderOrLotID": "1",
        "WBSElementID": "1.1.3",
        "NonrecurringOrRecurringID": "RECURRING",
        "DetailedStandardCategoryID": "RAW_MATERIALS",
        "Value_Dollars": 3057814.674,
        "Value_Hours": 0
    },
    {
        "OrderOrLotID": "1",
        "WBSElementID": "1.1.3",
        "NonrecurringOrRecurringID": "RECURRING",
        "DetailedStandardCategoryID": "ENGINEERING_LABOR_OVERHEAD",
        "Value_Dollars": 13516007.51,
        "Value_Hours": 0
    },
    {
        "OrderOrLotID": "1",
        "WBSElementID": "1.1.3",
        "NonrecurringOrRecurringID": "RECURRING",
        "DetailedStandardCategoryID": "MANUFACTURING_OPERATIONS_LABOR_OVERHEAD",
        "Value_Dollars": 65047873.305,
        "Value_Hours": 0
    },
    {
        "OrderOrLotID": "1",
        "WBSElementID": "1.1.3",
        "NonrecurringOrRecurringID": "RECURRING",
        "DetailedStandardCategoryID": "MATERIAL_OVERHEAD",
        "Value_Dollars": 2562624.193,
        "Value_Hours": 0
    },
    {
        "OrderOrLotID": "1",
        "WBSElementID": "1.1.3",
        "NonrecurringOrRecurringID": "RECURRING",
        "DetailedStandardCategoryID": "DIRECT_PROGRAM_MANAGEMENT_LABOR",
        "Value_Dollars": 29665499.131,
        "Value_Hours": 771803.203
    },
    {
        "OrderOrLotID": "1",
        "WBSElementID": "1.1.3",
        "NonrecurringOrRecurringID": "RECURRING",
        "DetailedStandardCategoryID": "OTHER_OVERHEAD",
        "Value_Dollars": 29331901.658,
        "Value_Hours": 0
    },
    {
        "OrderOrLotID": "2",
        "WBSElementID": "1.1.3",
        "NonrecurringOrRecurringID": "NONRECURRING",
        "DetailedStandardCategoryID": "DIRECT_ENGINEERING_LABOR",
        "Value_Dollars": 3602996.082,
        "Value_Hours": 86138.672
    },
    {
        "OrderOrLotID": "2",
        "WBSElementID": "1.1.3",
        "NonrecurringOrRecurringID": "NONRECURRING",
        "DetailedStandardCategoryID": "ENGINEERING_LABOR_OVERHEAD",
        "Value_Dollars": 3734193.739,
        "Value_Hours": 0
    },
    {
        "OrderOrLotID": "2",
        "WBSElementID": "1.1.3",
        "NonrecurringOrRecurringID": "RECURRING",
        "DetailedStandardCategoryID": "DIRECT_ENGINEERING_LABOR",
        "Value_Dollars": 4901061.086,
        "Value_Hours": 117912.016
    },
    {
        "OrderOrLotID": "2",
        "WBSElementID": "1.1.3",
        "NonrecurringOrRecurringID": "RECURRING",
        "DetailedStandardCategoryID": "DIRECT_MANUFACTURING_SUPPORT_LABOR",
        "Value_Dollars": 60163.294,
        "Value_Hours": 2119.568
    },
    {
        "OrderOrLotID": "2",
        "WBSElementID": "1.1.3",
        "NonrecurringOrRecurringID": "RECURRING",
        "DetailedStandardCategoryID": "DIRECT_MANUFACTURING_TOUCH_LABOR",
        "Value_Dollars": 23751775.844,
        "Value_Hours": 864966.996
    },
    {
        "OrderOrLotID": "2",
        "WBSElementID": "1.1.3",
        "NonrecurringOrRecurringID": "RECURRING",
        "DetailedStandardCategoryID": "PURCHASED_EQUIPMENT",
        "Value_Dollars": 33849757.223,
        "Value_Hours": 0
    },
    {
        "OrderOrLotID": "2",
        "WBSElementID": "1.1.3",
        "NonrecurringOrRecurringID": "RECURRING",
        "DetailedStandardCategoryID": "PURCHASED_PARTS",
        "Value_Dollars": 15034956.2,
        "Value_Hours": 0
    },
    {
        "OrderOrLotID": "2",
        "WBSElementID": "1.1.3",
        "NonrecurringOrRecurringID": "RECURRING",
        "DetailedStandardCategoryID": "RAW_MATERIALS",
        "Value_Dollars": 2603506.088,
        "Value_Hours": 0
    },
    {
        "OrderOrLotID": "2",
        "WBSElementID": "1.1.3",
        "NonrecurringOrRecurringID": "RECURRING",
        "DetailedStandardCategoryID": "ENGINEERING_LABOR_OVERHEAD",
        "Value_Dollars": 5159230.112,
        "Value_Hours": 0
    },
    {
        "OrderOrLotID": "2",
        "WBSElementID": "1.1.3",
        "NonrecurringOrRecurringID": "RECURRING",
        "DetailedStandardCategoryID": "MANUFACTURING_OPERATIONS_LABOR_OVERHEAD",
        "Value_Dollars": 31927695.81,
        "Value_Hours": 0
    },
    {
        "OrderOrLotID": "2",
        "WBSElementID": "1.1.3",
        "NonrecurringOrRecurringID": "RECURRING",
        "DetailedStandardCategoryID": "MATERIAL_OVERHEAD",
        "Value_Dollars": 1750215.186,
        "Value_Hours": 0
    },
    {
        "OrderOrLotID": "2",
        "WBSElementID": "1.1.3",
        "NonrecurringOrRecurringID": "RECURRING",
        "DetailedStandardCategoryID": "DIRECT_PROGRAM_MANAGEMENT_LABOR",
        "Value_Dollars": 16960478.07,
        "Value_Hours": 446334.774
    },
    {
        "OrderOrLotID": "2",
        "WBSElementID": "1.1.3",
        "NonrecurringOrRecurringID": "RECURRING",
        "DetailedStandardCategoryID": "OTHER_OVERHEAD",
        "Value_Dollars": 17248848.104,
        "Value_Hours": 0
    },
    {
        "OrderOrLotID": "1",
        "WBSElementID": "1.1.3.1",
        "NonrecurringOrRecurringID": "NONRECURRING",
        "DetailedStandardCategoryID": "DIRECT_ENGINEERING_LABOR",
        "Value_Dollars": 8278849.85,
        "Value_Hours": 196944.826
    },
    {
        "OrderOrLotID": "1",
        "WBSElementID": "1.1.3.1",
        "NonrecurringOrRecurringID": "NONRECURRING",
        "DetailedStandardCategoryID": "ENGINEERING_LABOR_OVERHEAD",
        "Value_Dollars": 8689225.942,
        "Value_Hours": 0
    },
    {
        "OrderOrLotID": "1",
        "WBSElementID": "1.1.3.1",
        "NonrecurringOrRecurringID": "RECURRING",
        "DetailedStandardCategoryID": "DIRECT_ENGINEERING_LABOR",
        "Value_Dollars": 12879156.8,
        "Value_Hours": 297337.922
    },
    {
        "OrderOrLotID": "1",
        "WBSElementID": "1.1.3.1",
        "NonrecurringOrRecurringID": "RECURRING",
        "DetailedStandardCategoryID": "DIRECT_MANUFACTURING_SUPPORT_LABOR",
        "Value_Dollars": 43111.451,
        "Value_Hours": 1336.103
    },
    {
        "OrderOrLotID": "1",
        "WBSElementID": "1.1.3.1",
        "NonrecurringOrRecurringID": "RECURRING",
        "DetailedStandardCategoryID": "DIRECT_MANUFACTURING_TOUCH_LABOR",
        "Value_Dollars": 1380732.829,
        "Value_Hours": 46920.197
    },
    {
        "OrderOrLotID": "1",
        "WBSElementID": "1.1.3.1",
        "NonrecurringOrRecurringID": "RECURRING",
        "DetailedStandardCategoryID": "PURCHASED_PARTS",
        "Value_Dollars": 1713561.004,
        "Value_Hours": 0
    },
    {
        "OrderOrLotID": "1",
        "WBSElementID": "1.1.3.1",
        "NonrecurringOrRecurringID": "RECURRING",
        "DetailedStandardCategoryID": "ENGINEERING_LABOR_OVERHEAD",
        "Value_Dollars": 13516007.51,
        "Value_Hours": 0
    },
    {
        "OrderOrLotID": "1",
        "WBSElementID": "1.1.3.1",
        "NonrecurringOrRecurringID": "RECURRING",
        "DetailedStandardCategoryID": "MANUFACTURING_OPERATIONS_LABOR_OVERHEAD",
        "Value_Dollars": 1999318.399,
        "Value_Hours": 0
    },
    {
        "OrderOrLotID": "1",
        "WBSElementID": "1.1.3.1",
        "NonrecurringOrRecurringID": "RECURRING",
        "DetailedStandardCategoryID": "MATERIAL_OVERHEAD",
        "Value_Dollars": 66471.35,
        "Value_Hours": 0
    },
    {
        "OrderOrLotID": "1",
        "WBSElementID": "1.1.3.1",
        "NonrecurringOrRecurringID": "RECURRING",
        "DetailedStandardCategoryID": "DIRECT_PROGRAM_MANAGEMENT_LABOR",
        "Value_Dollars": 29665499.131,
        "Value_Hours": 771803.203
    },
    {
        "OrderOrLotID": "1",
        "WBSElementID": "1.1.3.1",
        "NonrecurringOrRecurringID": "RECURRING",
        "DetailedStandardCategoryID": "OTHER_OVERHEAD",
        "Value_Dollars": 29331901.658,
        "Value_Hours": 0
    },
    {
        "OrderOrLotID": "2",
        "WBSElementID": "1.1.3.1",
        "NonrecurringOrRecurringID": "NONRECURRING",
        "DetailedStandardCategoryID": "DIRECT_ENGINEERING_LABOR",
        "Value_Dollars": 3602996.082,
        "Value_Hours": 86138.672
    },
    {
        "OrderOrLotID": "2",
        "WBSElementID": "1.1.3.1",
        "NonrecurringOrRecurringID": "NONRECURRING",
        "DetailedStandardCategoryID": "ENGINEERING_LABOR_OVERHEAD",
        "Value_Dollars": 3734193.739,
        "Value_Hours": 0
    },
    {
        "OrderOrLotID": "2",
        "WBSElementID": "1.1.3.1",
        "NonrecurringOrRecurringID": "RECURRING",
        "DetailedStandardCategoryID": "DIRECT_ENGINEERING_LABOR",
        "Value_Dollars": 4901061.086,
        "Value_Hours": 117912.016
    },
    {
        "OrderOrLotID": "2",
        "WBSElementID": "1.1.3.1",
        "NonrecurringOrRecurringID": "RECURRING",
        "DetailedStandardCategoryID": "DIRECT_MANUFACTURING_SUPPORT_LABOR",
        "Value_Dollars": 1289.103,
        "Value_Hours": 22.347
    },
    {
        "OrderOrLotID": "2",
        "WBSElementID": "1.1.3.1",
        "NonrecurringOrRecurringID": "RECURRING",
        "DetailedStandardCategoryID": "DIRECT_MANUFACTURING_TOUCH_LABOR",
        "Value_Dollars": 561506.78,
        "Value_Hours": 18240.111
    },
    {
        "OrderOrLotID": "2",
        "WBSElementID": "1.1.3.1",
        "NonrecurringOrRecurringID": "RECURRING",
        "DetailedStandardCategoryID": "PURCHASED_PARTS",
        "Value_Dollars": 402287.991,
        "Value_Hours": 0
    },
    {
        "OrderOrLotID": "2",
        "WBSElementID": "1.1.3.1",
        "NonrecurringOrRecurringID": "RECURRING",
        "DetailedStandardCategoryID": "ENGINEERING_LABOR_OVERHEAD",
        "Value_Dollars": 5159230.112,
        "Value_Hours": 0
    },
    {
        "OrderOrLotID": "2",
        "WBSElementID": "1.1.3.1",
        "NonrecurringOrRecurringID": "RECURRING",
        "DetailedStandardCategoryID": "MANUFACTURING_OPERATIONS_LABOR_OVERHEAD",
        "Value_Dollars": 804600.344,
        "Value_Hours": 0
    },
    {
        "OrderOrLotID": "2",
        "WBSElementID": "1.1.3.1",
        "NonrecurringOrRecurringID": "RECURRING",
        "DetailedStandardCategoryID": "MATERIAL_OVERHEAD",
        "Value_Dollars": 16421.501,
        "Value_Hours": 0
    },
    {
        "OrderOrLotID": "2",
        "WBSElementID": "1.1.3.1",
        "NonrecurringOrRecurringID": "RECURRING",
        "DetailedStandardCategoryID": "DIRECT_PROGRAM_MANAGEMENT_LABOR",
        "Value_Dollars": 16960478.07,
        "Value_Hours": 446334.774
    },
    {
        "OrderOrLotID": "2",
        "WBSElementID": "1.1.3.1",
        "NonrecurringOrRecurringID": "RECURRING",
        "DetailedStandardCategoryID": "OTHER_OVERHEAD",
        "Value_Dollars": 17248848.104,
        "Value_Hours": 0
    },
    {
        "OrderOrLotID": "1",
        "WBSElementID": "1.1.3.2",
        "NonrecurringOrRecurringID": "NONRECURRING",
        "DetailedStandardCategoryID": "DIRECT_ENGINEERING_LABOR",
        "Value_Dollars": 1233055.794,
        "Value_Hours": 31817.623
    },
    {
        "OrderOrLotID": "1",
        "WBSElementID": "1.1.3.2",
        "NonrecurringOrRecurringID": "NONRECURRING",
        "DetailedStandardCategoryID": "ENGINEERING_LABOR_OVERHEAD",
        "Value_Dollars": 1254769.438,
        "Value_Hours": 0
    },
    {
        "OrderOrLotID": "1",
        "WBSElementID": "1.1.3.2",
        "NonrecurringOrRecurringID": "RECURRING",
        "DetailedStandardCategoryID": "DIRECT_MANUFACTURING_SUPPORT_LABOR",
        "Value_Dollars": 2390384.97,
        "Value_Hours": 81468.678
    },
    {
        "OrderOrLotID": "1",
        "WBSElementID": "1.1.3.2",
        "NonrecurringOrRecurringID": "RECURRING",
        "DetailedStandardCategoryID": "DIRECT_MANUFACTURING_TOUCH_LABOR",
        "Value_Dollars": 44944794.673,
        "Value_Hours": 1617966.506
    },
    {
        "OrderOrLotID": "1",
        "WBSElementID": "1.1.3.2",
        "NonrecurringOrRecurringID": "RECURRING",
        "DetailedStandardCategoryID": "PURCHASED_EQUIPMENT",
        "Value_Dollars": 46244503.87,
        "Value_Hours": 0
    },
    {
        "OrderOrLotID": "1",
        "WBSElementID": "1.1.3.2",
        "NonrecurringOrRecurringID": "RECURRING",
        "DetailedStandardCategoryID": "PURCHASED_PARTS",
        "Value_Dollars": 22839683.379,
        "Value_Hours": 0
    },
    {
        "OrderOrLotID": "1",
        "WBSElementID": "1.1.3.2",
        "NonrecurringOrRecurringID": "RECURRING",
        "DetailedStandardCategoryID": "RAW_MATERIALS",
        "Value_Dollars": 3057814.674,
        "Value_Hours": 0
    },
    {
        "OrderOrLotID": "1",
        "WBSElementID": "1.1.3.2",
        "NonrecurringOrRecurringID": "RECURRING",
        "DetailedStandardCategoryID": "MANUFACTURING_OPERATIONS_LABOR_OVERHEAD",
        "Value_Dollars": 63048554.906,
        "Value_Hours": 0
    },
    {
        "OrderOrLotID": "1",
        "WBSElementID": "1.1.3.2",
        "NonrecurringOrRecurringID": "RECURRING",
        "DetailedStandardCategoryID": "MATERIAL_OVERHEAD",
        "Value_Dollars": 2496152.843,
        "Value_Hours": 0
    },
    {
        "OrderOrLotID": "2",
        "WBSElementID": "1.1.3.2",
        "NonrecurringOrRecurringID": "RECURRING",
        "DetailedStandardCategoryID": "DIRECT_MANUFACTURING_SUPPORT_LABOR",
        "Value_Dollars": 58874.191,
        "Value_Hours": 2097.22
    },
    {
        "OrderOrLotID": "2",
        "WBSElementID": "1.1.3.2",
        "NonrecurringOrRecurringID": "RECURRING",
        "DetailedStandardCategoryID": "DIRECT_MANUFACTURING_TOUCH_LABOR",
        "Value_Dollars": 23190269.064,
        "Value_Hours": 846726.884
    },
    {
        "OrderOrLotID": "2",
        "WBSElementID": "1.1.3.2",
        "NonrecurringOrRecurringID": "RECURRING",
        "DetailedStandardCategoryID": "PURCHASED_EQUIPMENT",
        "Value_Dollars": 33849757.223,
        "Value_Hours": 0
    },
    {
        "OrderOrLotID": "2",
        "WBSElementID": "1.1.3.2",
        "NonrecurringOrRecurringID": "RECURRING",
        "DetailedStandardCategoryID": "PURCHASED_PARTS",
        "Value_Dollars": 14632668.21,
        "Value_Hours": 0
    },
    {
        "OrderOrLotID": "2",
        "WBSElementID": "1.1.3.2",
        "NonrecurringOrRecurringID": "RECURRING",
        "DetailedStandardCategoryID": "RAW_MATERIALS",
        "Value_Dollars": 2603506.088,
        "Value_Hours": 0
    },
    {
        "OrderOrLotID": "2",
        "WBSElementID": "1.1.3.2",
        "NonrecurringOrRecurringID": "RECURRING",
        "DetailedStandardCategoryID": "MANUFACTURING_OPERATIONS_LABOR_OVERHEAD",
        "Value_Dollars": 31123095.466,
        "Value_Hours": 0
    },
    {
        "OrderOrLotID": "2",
        "WBSElementID": "1.1.3.2",
        "NonrecurringOrRecurringID": "RECURRING",
        "DetailedStandardCategoryID": "MATERIAL_OVERHEAD",
        "Value_Dollars": 1733793.685,
        "Value_Hours": 0
    },
    {
        "OrderOrLotID": "1",
        "WBSElementID": "1.1.3.2.2",
        "NonrecurringOrRecurringID": "RECURRING",
        "DetailedStandardCategoryID": "DIRECT_MANUFACTURING_SUPPORT_LABOR",
        "Value_Dollars": 2390384.97,
        "Value_Hours": 81468.678
    },
    {
        "OrderOrLotID": "1",
        "WBSElementID": "1.1.3.2.2",
        "NonrecurringOrRecurringID": "RECURRING",
        "DetailedStandardCategoryID": "DIRECT_MANUFACTURING_TOUCH_LABOR",
        "Value_Dollars": 44944794.673,
        "Value_Hours": 1617966.506
    },
    {
        "OrderOrLotID": "1",
        "WBSElementID": "1.1.3.2.2",
        "NonrecurringOrRecurringID": "RECURRING",
        "DetailedStandardCategoryID": "PURCHASED_EQUIPMENT",
        "Value_Dollars": 46244503.87,
        "Value_Hours": 0
    },
    {
        "OrderOrLotID": "1",
        "WBSElementID": "1.1.3.2.2",
        "NonrecurringOrRecurringID": "RECURRING",
        "DetailedStandardCategoryID": "PURCHASED_PARTS",
        "Value_Dollars": 22839683.379,
        "Value_Hours": 0
    },
    {
        "OrderOrLotID": "1",
        "WBSElementID": "1.1.3.2.2",
        "NonrecurringOrRecurringID": "RECURRING",
        "DetailedStandardCategoryID": "RAW_MATERIALS",
        "Value_Dollars": 3057814.674,
        "Value_Hours": 0
    },
    {
        "OrderOrLotID": "1",
        "WBSElementID": "1.1.3.2.2",
        "NonrecurringOrRecurringID": "RECURRING",
        "DetailedStandardCategoryID": "MANUFACTURING_OPERATIONS_LABOR_OVERHEAD",
        "Value_Dollars": 63048554.906,
        "Value_Hours": 0
    },
    {
        "OrderOrLotID": "1",
        "WBSElementID": "1.1.3.2.2",
        "NonrecurringOrRecurringID": "RECURRING",
        "DetailedStandardCategoryID": "MATERIAL_OVERHEAD",
        "Value_Dollars": 2496152.843,
        "Value_Hours": 0
    },
    {
        "OrderOrLotID": "2",
        "WBSElementID": "1.1.3.2.2",
        "NonrecurringOrRecurringID": "RECURRING",
        "DetailedStandardCategoryID": "DIRECT_MANUFACTURING_SUPPORT_LABOR",
        "Value_Dollars": 58874.191,
        "Value_Hours": 2097.22
    },
    {
        "OrderOrLotID": "2",
        "WBSElementID": "1.1.3.2.2",
        "NonrecurringOrRecurringID": "RECURRING",
        "DetailedStandardCategoryID": "DIRECT_MANUFACTURING_TOUCH_LABOR",
        "Value_Dollars": 23190269.064,
        "Value_Hours": 846726.884
    },
    {
        "OrderOrLotID": "2",
        "WBSElementID": "1.1.3.2.2",
        "NonrecurringOrRecurringID": "RECURRING",
        "DetailedStandardCategoryID": "PURCHASED_EQUIPMENT",
        "Value_Dollars": 33849757.223,
        "Value_Hours": 0
    },
    {
        "OrderOrLotID": "2",
        "WBSElementID": "1.1.3.2.2",
        "NonrecurringOrRecurringID": "RECURRING",
        "DetailedStandardCategoryID": "PURCHASED_PARTS",
        "Value_Dollars": 14632668.21,
        "Value_Hours": 0
    },
    {
        "OrderOrLotID": "2",
        "WBSElementID": "1.1.3.2.2",
        "NonrecurringOrRecurringID": "RECURRING",
        "DetailedStandardCategoryID": "RAW_MATERIALS",
        "Value_Dollars": 2603506.088,
        "Value_Hours": 0
    },
    {
        "OrderOrLotID": "2",
        "WBSElementID": "1.1.3.2.2",
        "NonrecurringOrRecurringID": "RECURRING",
        "DetailedStandardCategoryID": "MANUFACTURING_OPERATIONS_LABOR_OVERHEAD",
        "Value_Dollars": 31123095.466,
        "Value_Hours": 0
    },
    {
        "OrderOrLotID": "2",
        "WBSElementID": "1.1.3.2.2",
        "NonrecurringOrRecurringID": "RECURRING",
        "DetailedStandardCategoryID": "MATERIAL_OVERHEAD",
        "Value_Dollars": 1733793.685,
        "Value_Hours": 0
    },
    {
        "OrderOrLotID": "1",
        "WBSElementID": "1.1.3.2.3",
        "NonrecurringOrRecurringID": "NONRECURRING",
        "DetailedStandardCategoryID": "DIRECT_ENGINEERING_LABOR",
        "Value_Dollars": 787877.683,
        "Value_Hours": 20330.3
    },
    {
        "OrderOrLotID": "1",
        "WBSElementID": "1.1.3.2.3",
        "NonrecurringOrRecurringID": "NONRECURRING",
        "DetailedStandardCategoryID": "ENGINEERING_LABOR_OVERHEAD",
        "Value_Dollars": 801751.91,
        "Value_Hours": 0
    },
    {
        "OrderOrLotID": "1",
        "WBSElementID": "1.1.3.2.3.1",
        "NonrecurringOrRecurringID": "NONRECURRING",
        "DetailedStandardCategoryID": "DIRECT_ENGINEERING_LABOR",
        "Value_Dollars": 483125.604,
        "Value_Hours": 12466.515
    },
    {
        "OrderOrLotID": "1",
        "WBSElementID": "1.1.3.2.3.1",
        "NonrecurringOrRecurringID": "NONRECURRING",
        "DetailedStandardCategoryID": "ENGINEERING_LABOR_OVERHEAD",
        "Value_Dollars": 491633.263,
        "Value_Hours": 0
    },
    {
        "OrderOrLotID": "1",
        "WBSElementID": "1.1.3.2.3.2",
        "NonrecurringOrRecurringID": "NONRECURRING",
        "DetailedStandardCategoryID": "DIRECT_ENGINEERING_LABOR",
        "Value_Dollars": 304752.079,
        "Value_Hours": 7863.786
    },
    {
        "OrderOrLotID": "1",
        "WBSElementID": "1.1.3.2.3.2",
        "NonrecurringOrRecurringID": "NONRECURRING",
        "DetailedStandardCategoryID": "ENGINEERING_LABOR_OVERHEAD",
        "Value_Dollars": 310118.647,
        "Value_Hours": 0
    },
    {
        "OrderOrLotID": "1",
        "WBSElementID": "1.1.3.2.4",
        "NonrecurringOrRecurringID": "NONRECURRING",
        "DetailedStandardCategoryID": "DIRECT_ENGINEERING_LABOR",
        "Value_Dollars": 445178.111,
        "Value_Hours": 11487.322
    },
    {
        "OrderOrLotID": "1",
        "WBSElementID": "1.1.3.2.4",
        "NonrecurringOrRecurringID": "NONRECURRING",
        "DetailedStandardCategoryID": "ENGINEERING_LABOR_OVERHEAD",
        "Value_Dollars": 453017.528,
        "Value_Hours": 0
    },
    {
        "OrderOrLotID": "1",
        "WBSElementID": "1.1.3.2.4.1",
        "NonrecurringOrRecurringID": "NONRECURRING",
        "DetailedStandardCategoryID": "DIRECT_ENGINEERING_LABOR",
        "Value_Dollars": 245417.343,
        "Value_Hours": 6332.719
    },
    {
        "OrderOrLotID": "1",
        "WBSElementID": "1.1.3.2.4.1",
        "NonrecurringOrRecurringID": "NONRECURRING",
        "DetailedStandardCategoryID": "ENGINEERING_LABOR_OVERHEAD",
        "Value_Dollars": 249739.05,
        "Value_Hours": 0
    },
    {
        "OrderOrLotID": "1",
        "WBSElementID": "1.1.3.2.4.2",
        "NonrecurringOrRecurringID": "NONRECURRING",
        "DetailedStandardCategoryID": "DIRECT_ENGINEERING_LABOR",
        "Value_Dollars": 199760.767,
        "Value_Hours": 5154.603
    },
    {
        "OrderOrLotID": "1",
        "WBSElementID": "1.1.3.2.4.2",
        "NonrecurringOrRecurringID": "NONRECURRING",
        "DetailedStandardCategoryID": "ENGINEERING_LABOR_OVERHEAD",
        "Value_Dollars": 203278.478,
        "Value_Hours": 0
    },
    {
        "OrderOrLotID": "1",
        "WBSElementID": "1.1.8",
        "NonrecurringOrRecurringID": "NONRECURRING",
        "DetailedStandardCategoryID": "DIRECT_ENGINEERING_LABOR",
        "Value_Dollars": 260170.025,
        "Value_Hours": 6713.396
    },
    {
        "OrderOrLotID": "1",
        "WBSElementID": "1.1.8",
        "NonrecurringOrRecurringID": "NONRECURRING",
        "DetailedStandardCategoryID": "ENGINEERING_LABOR_OVERHEAD",
        "Value_Dollars": 264751.521,
        "Value_Hours": 0
    },
    {
        "OrderOrLotID": "1",
        "WBSElementID": "1.1.8.1",
        "NonrecurringOrRecurringID": "NONRECURRING",
        "DetailedStandardCategoryID": "DIRECT_ENGINEERING_LABOR",
        "Value_Dollars": 260170.025,
        "Value_Hours": 6713.396
    },
    {
        "OrderOrLotID": "1",
        "WBSElementID": "1.1.8.1",
        "NonrecurringOrRecurringID": "NONRECURRING",
        "DetailedStandardCategoryID": "ENGINEERING_LABOR_OVERHEAD",
        "Value_Dollars": 264751.521,
        "Value_Hours": 0
    },
    {
        "OrderOrLotID": "1",
        "WBSElementID": "1.1.9",
        "NonrecurringOrRecurringID": "NONRECURRING",
        "DetailedStandardCategoryID": "DIRECT_ENGINEERING_LABOR",
        "Value_Dollars": 106184.674,
        "Value_Hours": 3653.113
    },
    {
        "OrderOrLotID": "1",
        "WBSElementID": "1.1.9",
        "NonrecurringOrRecurringID": "NONRECURRING",
        "DetailedStandardCategoryID": "DIRECT_MANUFACTURING_TOOLING_LABOR",
        "Value_Dollars": 5540188.563,
        "Value_Hours": 202467.551
    },
    {
        "OrderOrLotID": "1",
        "WBSElementID": "1.1.9",
        "NonrecurringOrRecurringID": "NONRECURRING",
        "DetailedStandardCategoryID": "PURCHASED_EQUIPMENT",
        "Value_Dollars": 2990609.79,
        "Value_Hours": 0
    },
    {
        "OrderOrLotID": "1",
        "WBSElementID": "1.1.9",
        "NonrecurringOrRecurringID": "NONRECURRING",
        "DetailedStandardCategoryID": "ENGINEERING_LABOR_OVERHEAD",
        "Value_Dollars": 116884.395,
        "Value_Hours": 0
    },
    {
        "OrderOrLotID": "1",
        "WBSElementID": "1.1.9",
        "NonrecurringOrRecurringID": "NONRECURRING",
        "DetailedStandardCategoryID": "MANUFACTURING_OPERATIONS_LABOR_OVERHEAD",
        "Value_Dollars": 7654051.285,
        "Value_Hours": 0
    },
    {
        "OrderOrLotID": "1",
        "WBSElementID": "1.1.9",
        "NonrecurringOrRecurringID": "NONRECURRING",
        "DetailedStandardCategoryID": "MATERIAL_OVERHEAD",
        "Value_Dollars": 101968.046,
        "Value_Hours": 0
    },
    {
        "OrderOrLotID": "1",
        "WBSElementID": "1.1.9",
        "NonrecurringOrRecurringID": "NONRECURRING",
        "DetailedStandardCategoryID": "DIRECT_SERVICES",
        "Value_Dollars": 22780.328,
        "Value_Hours": 867.842
    },
    {
        "OrderOrLotID": "1",
        "WBSElementID": "1.1.9",
        "NonrecurringOrRecurringID": "NONRECURRING",
        "DetailedStandardCategoryID": "OTHER_OVERHEAD",
        "Value_Dollars": 28742.404,
        "Value_Hours": 0
    },
    {
        "OrderOrLotID": "1",
        "WBSElementID": "1.1.9",
        "NonrecurringOrRecurringID": "RECURRING",
        "DetailedStandardCategoryID": "DIRECT_MANUFACTURING_SUPPORT_LABOR",
        "Value_Dollars": 16632456.876,
        "Value_Hours": 406520.414
    },
    {
        "OrderOrLotID": "1",
        "WBSElementID": "1.1.9",
        "NonrecurringOrRecurringID": "RECURRING",
        "DetailedStandardCategoryID": "DIRECT_MANUFACTURING_TOUCH_LABOR",
        "Value_Dollars": 71582369.471,
        "Value_Hours": 2037682.508
    },
    {
        "OrderOrLotID": "1",
        "WBSElementID": "1.1.9",
        "NonrecurringOrRecurringID": "RECURRING",
        "DetailedStandardCategoryID": "PURCHASED_EQUIPMENT",
        "Value_Dollars": 4663735.569,
        "Value_Hours": 0
    },
    {
        "OrderOrLotID": "1",
        "WBSElementID": "1.1.9",
        "NonrecurringOrRecurringID": "RECURRING",
        "DetailedStandardCategoryID": "PURCHASED_PARTS",
        "Value_Dollars": 22432628.899,
        "Value_Hours": 0
    },
    {
        "OrderOrLotID": "1",
        "WBSElementID": "1.1.9",
        "NonrecurringOrRecurringID": "RECURRING",
        "DetailedStandardCategoryID": "RAW_MATERIALS",
        "Value_Dollars": 138699.294,
        "Value_Hours": 0
    },
    {
        "OrderOrLotID": "1",
        "WBSElementID": "1.1.9",
        "NonrecurringOrRecurringID": "RECURRING",
        "DetailedStandardCategoryID": "MANUFACTURING_OPERATIONS_LABOR_OVERHEAD",
        "Value_Dollars": 122462855.635,
        "Value_Hours": 0
    },
    {
        "OrderOrLotID": "1",
        "WBSElementID": "1.1.9",
        "NonrecurringOrRecurringID": "RECURRING",
        "DetailedStandardCategoryID": "MATERIAL_OVERHEAD",
        "Value_Dollars": 1103936.772,
        "Value_Hours": 0
    },
    {
        "OrderOrLotID": "1",
        "WBSElementID": "1.1.9",
        "NonrecurringOrRecurringID": "RECURRING",
        "DetailedStandardCategoryID": "DIRECT_PROGRAM_MANAGEMENT_LABOR",
        "Value_Dollars": 14229.696,
        "Value_Hours": 490.759
    },
    {
        "OrderOrLotID": "1",
        "WBSElementID": "1.1.9",
        "NonrecurringOrRecurringID": "RECURRING",
        "DetailedStandardCategoryID": "DIRECT_SERVICES",
        "Value_Dollars": 3740368.974,
        "Value_Hours": 122653.229
    },
    {
        "OrderOrLotID": "1",
        "WBSElementID": "1.1.9",
        "NonrecurringOrRecurringID": "RECURRING",
        "DetailedStandardCategoryID": "OTHER_OVERHEAD",
        "Value_Dollars": 13490.704,
        "Value_Hours": 0
    },
    {
        "OrderOrLotID": "2",
        "WBSElementID": "1.1.9",
        "NonrecurringOrRecurringID": "NONRECURRING",
        "DetailedStandardCategoryID": "DIRECT_ENGINEERING_LABOR",
        "Value_Dollars": 58120.93,
        "Value_Hours": 2054.411
    },
    {
        "OrderOrLotID": "2",
        "WBSElementID": "1.1.9",
        "NonrecurringOrRecurringID": "NONRECURRING",
        "DetailedStandardCategoryID": "DIRECT_MANUFACTURING_TOOLING_LABOR",
        "Value_Dollars": 3393550.707,
        "Value_Hours": 123859.516
    },
    {
        "OrderOrLotID": "2",
        "WBSElementID": "1.1.9",
        "NonrecurringOrRecurringID": "NONRECURRING",
        "DetailedStandardCategoryID": "PURCHASED_EQUIPMENT",
        "Value_Dollars": 2454721.053,
        "Value_Hours": 0
    },
    {
        "OrderOrLotID": "2",
        "WBSElementID": "1.1.9",
        "NonrecurringOrRecurringID": "NONRECURRING",
        "DetailedStandardCategoryID": "ENGINEERING_LABOR_OVERHEAD",
        "Value_Dollars": 64867.574,
        "Value_Hours": 0
    },
    {
        "OrderOrLotID": "2",
        "WBSElementID": "1.1.9",
        "NonrecurringOrRecurringID": "NONRECURRING",
        "DetailedStandardCategoryID": "MANUFACTURING_OPERATIONS_LABOR_OVERHEAD",
        "Value_Dollars": 4578022.804,
        "Value_Hours": 0
    },
    {
        "OrderOrLotID": "2",
        "WBSElementID": "1.1.9",
        "NonrecurringOrRecurringID": "NONRECURRING",
        "DetailedStandardCategoryID": "MATERIAL_OVERHEAD",
        "Value_Dollars": 81847.331,
        "Value_Hours": 0
    },
    {
        "OrderOrLotID": "2",
        "WBSElementID": "1.1.9",
        "NonrecurringOrRecurringID": "NONRECURRING",
        "DetailedStandardCategoryID": "DIRECT_SERVICES",
        "Value_Dollars": 21088.704,
        "Value_Hours": 772.964
    },
    {
        "OrderOrLotID": "2",
        "WBSElementID": "1.1.9",
        "NonrecurringOrRecurringID": "NONRECURRING",
        "DetailedStandardCategoryID": "OTHER_OVERHEAD",
        "Value_Dollars": 25240.983,
        "Value_Hours": 0
    },
    {
        "OrderOrLotID": "2",
        "WBSElementID": "1.1.9",
        "NonrecurringOrRecurringID": "RECURRING",
        "DetailedStandardCategoryID": "DIRECT_MANUFACTURING_SUPPORT_LABOR",
        "Value_Dollars": 5697708.918,
        "Value_Hours": 138105.308
    },
    {
        "OrderOrLotID": "2",
        "WBSElementID": "1.1.9",
        "NonrecurringOrRecurringID": "RECURRING",
        "DetailedStandardCategoryID": "DIRECT_MANUFACTURING_TOUCH_LABOR",
        "Value_Dollars": 30967440.217,
        "Value_Hours": 876370.112
    },
    {
        "OrderOrLotID": "2",
        "WBSElementID": "1.1.9",
        "NonrecurringOrRecurringID": "RECURRING",
        "DetailedStandardCategoryID": "PURCHASED_EQUIPMENT",
        "Value_Dollars": 273071.148,
        "Value_Hours": 0
    },
    {
        "OrderOrLotID": "2",
        "WBSElementID": "1.1.9",
        "NonrecurringOrRecurringID": "RECURRING",
        "DetailedStandardCategoryID": "PURCHASED_PARTS",
        "Value_Dollars": 7699756.28,
        "Value_Hours": 0
    },
    {
        "OrderOrLotID": "2",
        "WBSElementID": "1.1.9",
        "NonrecurringOrRecurringID": "RECURRING",
        "DetailedStandardCategoryID": "RAW_MATERIALS",
        "Value_Dollars": -65916.853,
        "Value_Hours": 0
    },
    {
        "OrderOrLotID": "2",
        "WBSElementID": "1.1.9",
        "NonrecurringOrRecurringID": "RECURRING",
        "DetailedStandardCategoryID": "MANUFACTURING_OPERATIONS_LABOR_OVERHEAD",
        "Value_Dollars": 52130934.49,
        "Value_Hours": 0
    },
    {
        "OrderOrLotID": "2",
        "WBSElementID": "1.1.9",
        "NonrecurringOrRecurringID": "RECURRING",
        "DetailedStandardCategoryID": "MATERIAL_OVERHEAD",
        "Value_Dollars": 281447.103,
        "Value_Hours": 0
    },
    {
        "OrderOrLotID": "2",
        "WBSElementID": "1.1.9",
        "NonrecurringOrRecurringID": "RECURRING",
        "DetailedStandardCategoryID": "DIRECT_PROGRAM_MANAGEMENT_LABOR",
        "Value_Dollars": 10737.979,
        "Value_Hours": 410.894
    },
    {
        "OrderOrLotID": "2",
        "WBSElementID": "1.1.9",
        "NonrecurringOrRecurringID": "RECURRING",
        "DetailedStandardCategoryID": "DIRECT_SERVICES",
        "Value_Dollars": 2248616.466,
        "Value_Hours": 77548.984
    },
    {
        "OrderOrLotID": "2",
        "WBSElementID": "1.1.9",
        "NonrecurringOrRecurringID": "RECURRING",
        "DetailedStandardCategoryID": "OTHER_OVERHEAD",
        "Value_Dollars": 9248.153,
        "Value_Hours": 0
    },
    {
        "OrderOrLotID": "1",
        "WBSElementID": "1.11",
        "NonrecurringOrRecurringID": "RECURRING",
        "DetailedStandardCategoryID": "PURCHASED_PARTS",
        "Value_Dollars": 227606.112,
        "Value_Hours": 0
    },
    {
        "OrderOrLotID": "1",
        "WBSElementID": "1.11",
        "NonrecurringOrRecurringID": "RECURRING",
        "DetailedStandardCategoryID": "MATERIAL_OVERHEAD",
        "Value_Dollars": 8694.032,
        "Value_Hours": 0
    },
    {
        "OrderOrLotID": "2",
        "WBSElementID": "1.11",
        "NonrecurringOrRecurringID": "RECURRING",
        "DetailedStandardCategoryID": "PURCHASED_PARTS",
        "Value_Dollars": 58407.106,
        "Value_Hours": 0
    },
    {
        "OrderOrLotID": "2",
        "WBSElementID": "1.11",
        "NonrecurringOrRecurringID": "RECURRING",
        "DetailedStandardCategoryID": "MATERIAL_OVERHEAD",
        "Value_Dollars": 2136.671,
        "Value_Hours": 0
    },
    {
        "OrderOrLotID": "1",
        "WBSElementID": "1.2",
        "NonrecurringOrRecurringID": "NONRECURRING",
        "DetailedStandardCategoryID": "DIRECT_ENGINEERING_LABOR",
        "Value_Dollars": 1103280.369,
        "Value_Hours": 20592.285
    },
    {
        "OrderOrLotID": "1",
        "WBSElementID": "1.2",
        "NonrecurringOrRecurringID": "NONRECURRING",
        "DetailedStandardCategoryID": "ENGINEERING_LABOR_OVERHEAD",
        "Value_Dollars": 1182951.493,
        "Value_Hours": 0
    },
    {
        "OrderOrLotID": "1",
        "WBSElementID": "1.2",
        "NonrecurringOrRecurringID": "RECURRING",
        "DetailedStandardCategoryID": "DIRECT_ENGINEERING_LABOR",
        "Value_Dollars": 1207110.528,
        "Value_Hours": 32630.311
    },
    {
        "OrderOrLotID": "1",
        "WBSElementID": "1.2",
        "NonrecurringOrRecurringID": "RECURRING",
        "DetailedStandardCategoryID": "DIRECT_MANUFACTURING_SUPPORT_LABOR",
        "Value_Dollars": 811092.182,
        "Value_Hours": 20260.616
    },
    {
        "OrderOrLotID": "1",
        "WBSElementID": "1.2",
        "NonrecurringOrRecurringID": "RECURRING",
        "DetailedStandardCategoryID": "PURCHASED_EQUIPMENT",
        "Value_Dollars": 64929.222,
        "Value_Hours": 0
    },
    {
        "OrderOrLotID": "1",
        "WBSElementID": "1.2",
        "NonrecurringOrRecurringID": "RECURRING",
        "DetailedStandardCategoryID": "ENGINEERING_LABOR_OVERHEAD",
        "Value_Dollars": 1285676.299,
        "Value_Hours": 0
    },
    {
        "OrderOrLotID": "1",
        "WBSElementID": "1.2",
        "NonrecurringOrRecurringID": "RECURRING",
        "DetailedStandardCategoryID": "MANUFACTURING_OPERATIONS_LABOR_OVERHEAD",
        "Value_Dollars": 1136491.711,
        "Value_Hours": 0
    },
    {
        "OrderOrLotID": "1",
        "WBSElementID": "1.2",
        "NonrecurringOrRecurringID": "RECURRING",
        "DetailedStandardCategoryID": "MATERIAL_OVERHEAD",
        "Value_Dollars": 2512.026,
        "Value_Hours": 0
    },
    {
        "OrderOrLotID": "2",
        "WBSElementID": "1.2",
        "NonrecurringOrRecurringID": "NONRECURRING",
        "DetailedStandardCategoryID": "DIRECT_ENGINEERING_LABOR",
        "Value_Dollars": 421210.2,
        "Value_Hours": 7778.516
    },
    {
        "OrderOrLotID": "2",
        "WBSElementID": "1.2",
        "NonrecurringOrRecurringID": "NONRECURRING",
        "DetailedStandardCategoryID": "ENGINEERING_LABOR_OVERHEAD",
        "Value_Dollars": 438785.59,
        "Value_Hours": 0
    },
    {
        "OrderOrLotID": "2",
        "WBSElementID": "1.2",
        "NonrecurringOrRecurringID": "RECURRING",
        "DetailedStandardCategoryID": "DIRECT_ENGINEERING_LABOR",
        "Value_Dollars": 508205.674,
        "Value_Hours": 13967.403
    },
    {
        "OrderOrLotID": "2",
        "WBSElementID": "1.2",
        "NonrecurringOrRecurringID": "RECURRING",
        "DetailedStandardCategoryID": "DIRECT_MANUFACTURING_SUPPORT_LABOR",
        "Value_Dollars": 328921.988,
        "Value_Hours": 8712.522
    },
    {
        "OrderOrLotID": "2",
        "WBSElementID": "1.2",
        "NonrecurringOrRecurringID": "RECURRING",
        "DetailedStandardCategoryID": "PURCHASED_EQUIPMENT",
        "Value_Dollars": 38518.6,
        "Value_Hours": 0
    },
    {
        "OrderOrLotID": "2",
        "WBSElementID": "1.2",
        "NonrecurringOrRecurringID": "RECURRING",
        "DetailedStandardCategoryID": "ENGINEERING_LABOR_OVERHEAD",
        "Value_Dollars": 528354.742,
        "Value_Hours": 0
    },
    {
        "OrderOrLotID": "2",
        "WBSElementID": "1.2",
        "NonrecurringOrRecurringID": "RECURRING",
        "DetailedStandardCategoryID": "MANUFACTURING_OPERATIONS_LABOR_OVERHEAD",
        "Value_Dollars": 479777.483,
        "Value_Hours": 0
    },
    {
        "OrderOrLotID": "2",
        "WBSElementID": "1.2",
        "NonrecurringOrRecurringID": "RECURRING",
        "DetailedStandardCategoryID": "MATERIAL_OVERHEAD",
        "Value_Dollars": 1218.77,
        "Value_Hours": 0
    },
    {
        "OrderOrLotID": "1",
        "WBSElementID": "1.3",
        "NonrecurringOrRecurringID": "NONRECURRING",
        "DetailedStandardCategoryID": "DIRECT_ENGINEERING_LABOR",
        "Value_Dollars": 120464.093,
        "Value_Hours": 3108.441
    },
    {
        "OrderOrLotID": "1",
        "WBSElementID": "1.3",
        "NonrecurringOrRecurringID": "NONRECURRING",
        "DetailedStandardCategoryID": "ENGINEERING_LABOR_OVERHEAD",
        "Value_Dollars": 122585.42,
        "Value_Hours": 0
    },
    {
        "OrderOrLotID": "2",
        "WBSElementID": "1.3",
        "NonrecurringOrRecurringID": "NONRECURRING",
        "DetailedStandardCategoryID": "DIRECT_ENGINEERING_LABOR",
        "Value_Dollars": 53207.886,
        "Value_Hours": 1372.97
    },
    {
        "OrderOrLotID": "2",
        "WBSElementID": "1.3",
        "NonrecurringOrRecurringID": "NONRECURRING",
        "DetailedStandardCategoryID": "ENGINEERING_LABOR_OVERHEAD",
        "Value_Dollars": 54144.857,
        "Value_Hours": 0
    },
    {
        "OrderOrLotID": "1",
        "WBSElementID": "1.4",
        "NonrecurringOrRecurringID": "RECURRING",
        "DetailedStandardCategoryID": "DIRECT_MANUFACTURING_TOUCH_LABOR",
        "Value_Dollars": 1695.913,
        "Value_Hours": 69.271
    },
    {
        "OrderOrLotID": "1",
        "WBSElementID": "1.4",
        "NonrecurringOrRecurringID": "RECURRING",
        "DetailedStandardCategoryID": "PURCHASED_EQUIPMENT",
        "Value_Dollars": 33075697.297,
        "Value_Hours": 0
    },
    {
        "OrderOrLotID": "1",
        "WBSElementID": "1.4",
        "NonrecurringOrRecurringID": "RECURRING",
        "DetailedStandardCategoryID": "MANUFACTURING_OPERATIONS_LABOR_OVERHEAD",
        "Value_Dollars": 2164.263,
        "Value_Hours": 0
    },
    {
        "OrderOrLotID": "1",
        "WBSElementID": "1.4",
        "NonrecurringOrRecurringID": "RECURRING",
        "DetailedStandardCategoryID": "MATERIAL_OVERHEAD",
        "Value_Dollars": 1266092.064,
        "Value_Hours": 0
    },
    {
        "OrderOrLotID": "1",
        "WBSElementID": "1.4",
        "NonrecurringOrRecurringID": "RECURRING",
        "DetailedStandardCategoryID": "DIRECT_PROGRAM_MANAGEMENT_LABOR",
        "Value_Dollars": 7420301.99,
        "Value_Hours": 149646.295
    },
    {
        "OrderOrLotID": "1",
        "WBSElementID": "1.4",
        "NonrecurringOrRecurringID": "RECURRING",
        "DetailedStandardCategoryID": "DIRECT_SERVICES",
        "Value_Dollars": 2337737.184,
        "Value_Hours": 49045.65
    },
    {
        "OrderOrLotID": "1",
        "WBSElementID": "1.4",
        "NonrecurringOrRecurringID": "RECURRING",
        "DetailedStandardCategoryID": "OTHER_OVERHEAD",
        "Value_Dollars": 8691735.951,
        "Value_Hours": 0
    },
    {
        "OrderOrLotID": "2",
        "WBSElementID": "1.4",
        "NonrecurringOrRecurringID": "RECURRING",
        "DetailedStandardCategoryID": "PURCHASED_EQUIPMENT",
        "Value_Dollars": 15013457.895,
        "Value_Hours": 0
    },
    {
        "OrderOrLotID": "2",
        "WBSElementID": "1.4",
        "NonrecurringOrRecurringID": "RECURRING",
        "DetailedStandardCategoryID": "MATERIAL_OVERHEAD",
        "Value_Dollars": 536049.056,
        "Value_Hours": 0
    },
    {
        "OrderOrLotID": "2",
        "WBSElementID": "1.4",
        "NonrecurringOrRecurringID": "RECURRING",
        "DetailedStandardCategoryID": "DIRECT_PROGRAM_MANAGEMENT_LABOR",
        "Value_Dollars": 2600959.253,
        "Value_Hours": 53883.743
    },
    {
        "OrderOrLotID": "2",
        "WBSElementID": "1.4",
        "NonrecurringOrRecurringID": "RECURRING",
        "DetailedStandardCategoryID": "DIRECT_SERVICES",
        "Value_Dollars": 1277556.53,
        "Value_Hours": 26223.372
    },
    {
        "OrderOrLotID": "2",
        "WBSElementID": "1.4",
        "NonrecurringOrRecurringID": "RECURRING",
        "DetailedStandardCategoryID": "OTHER_OVERHEAD",
        "Value_Dollars": 3530452.07,
        "Value_Hours": 0
    },
    {
        "OrderOrLotID": "1",
        "WBSElementID": "1.5",
        "NonrecurringOrRecurringID": "NONRECURRING",
        "DetailedStandardCategoryID": "DIRECT_ENGINEERING_LABOR",
        "Value_Dollars": 496410.133,
        "Value_Hours": 9265.296
    },
    {
        "OrderOrLotID": "1",
        "WBSElementID": "1.5",
        "NonrecurringOrRecurringID": "NONRECURRING",
        "DetailedStandardCategoryID": "ENGINEERING_LABOR_OVERHEAD",
        "Value_Dollars": 532257.371,
        "Value_Hours": 0
    },
    {
        "OrderOrLotID": "1",
        "WBSElementID": "1.5",
        "NonrecurringOrRecurringID": "RECURRING",
        "DetailedStandardCategoryID": "DIRECT_ENGINEERING_LABOR",
        "Value_Dollars": 543127.491,
        "Value_Hours": 14681.687
    },
    {
        "OrderOrLotID": "1",
        "WBSElementID": "1.5",
        "NonrecurringOrRecurringID": "RECURRING",
        "DetailedStandardCategoryID": "DIRECT_MANUFACTURING_SUPPORT_LABOR",
        "Value_Dollars": 364942.937,
        "Value_Hours": 9116.065
    },
    {
        "OrderOrLotID": "1",
        "WBSElementID": "1.5",
        "NonrecurringOrRecurringID": "RECURRING",
        "DetailedStandardCategoryID": "PURCHASED_EQUIPMENT",
        "Value_Dollars": 29214.264,
        "Value_Hours": 0
    },
    {
        "OrderOrLotID": "1",
        "WBSElementID": "1.5",
        "NonrecurringOrRecurringID": "RECURRING",
        "DetailedStandardCategoryID": "ENGINEERING_LABOR_OVERHEAD",
        "Value_Dollars": 578477.385,
        "Value_Hours": 0
    },
    {
        "OrderOrLotID": "1",
        "WBSElementID": "1.5",
        "NonrecurringOrRecurringID": "RECURRING",
        "DetailedStandardCategoryID": "MANUFACTURING_OPERATIONS_LABOR_OVERHEAD",
        "Value_Dollars": 511353.249,
        "Value_Hours": 0
    },
    {
        "OrderOrLotID": "1",
        "WBSElementID": "1.5",
        "NonrecurringOrRecurringID": "RECURRING",
        "DetailedStandardCategoryID": "MATERIAL_OVERHEAD",
        "Value_Dollars": 1130.261,
        "Value_Hours": 0
    },
    {
        "OrderOrLotID": "2",
        "WBSElementID": "1.5",
        "NonrecurringOrRecurringID": "NONRECURRING",
        "DetailedStandardCategoryID": "DIRECT_ENGINEERING_LABOR",
        "Value_Dollars": 189519.38,
        "Value_Hours": 3499.867
    },
    {
        "OrderOrLotID": "2",
        "WBSElementID": "1.5",
        "NonrecurringOrRecurringID": "NONRECURRING",
        "DetailedStandardCategoryID": "ENGINEERING_LABOR_OVERHEAD",
        "Value_Dollars": 197427.254,
        "Value_Hours": 0
    },
    {
        "OrderOrLotID": "2",
        "WBSElementID": "1.5",
        "NonrecurringOrRecurringID": "RECURRING",
        "DetailedStandardCategoryID": "DIRECT_ENGINEERING_LABOR",
        "Value_Dollars": 228662.137,
        "Value_Hours": 6284.495
    },
    {
        "OrderOrLotID": "2",
        "WBSElementID": "1.5",
        "NonrecurringOrRecurringID": "RECURRING",
        "DetailedStandardCategoryID": "DIRECT_MANUFACTURING_SUPPORT_LABOR",
        "Value_Dollars": 147995.208,
        "Value_Hours": 3920.113
    },
    {
        "OrderOrLotID": "2",
        "WBSElementID": "1.5",
        "NonrecurringOrRecurringID": "RECURRING",
        "DetailedStandardCategoryID": "PURCHASED_EQUIPMENT",
        "Value_Dollars": 17331.065,
        "Value_Hours": 0
    },
    {
        "OrderOrLotID": "2",
        "WBSElementID": "1.5",
        "NonrecurringOrRecurringID": "RECURRING",
        "DetailedStandardCategoryID": "ENGINEERING_LABOR_OVERHEAD",
        "Value_Dollars": 237728.011,
        "Value_Hours": 0
    },
    {
        "OrderOrLotID": "2",
        "WBSElementID": "1.5",
        "NonrecurringOrRecurringID": "RECURRING",
        "DetailedStandardCategoryID": "MANUFACTURING_OPERATIONS_LABOR_OVERHEAD",
        "Value_Dollars": 215871.152,
        "Value_Hours": 0
    },
    {
        "OrderOrLotID": "2",
        "WBSElementID": "1.5",
        "NonrecurringOrRecurringID": "RECURRING",
        "DetailedStandardCategoryID": "MATERIAL_OVERHEAD",
        "Value_Dollars": 548.374,
        "Value_Hours": 0
    }
]
