{
    "SecurityClassification": "UNCLASSIFIED",
    "ProgramName": "F-97 Magpie",
    "PhaseOrMilestoneID": "C_LRIP",
    "PrimeMissionProduct": "Aircraft",
    "CommodityType": "Aircraft",
    "ReportingOrganization_OrganizationName": "Wayne Enterprises",
    "ReportingOrganization_DivisionName": "Wayne Flying Object",
    "ReportingOrganization_Location_Street": "100 Main Street",
    "ReportingOrganization_Location_City": "Gotham",
    "ReportingOrganization_Location_State": "PA",
    "ReportingOrganization_Location_ZipCode": "11111",
    "ReportingOrganization_Location_Country": "United States",
    "ApprovedPlanNumber": "AF-00-A-C1",
    "ApprovedPlanRevisionNumber": "0",
    "CustomerName": "Air Force",
    "ContractTypeID": "MULTIPLE",
    "ContractNumber": "FA9462-13-C-6387",
    "PeriodOfPerformance_StartDate": "2012-01-01",
    "PeriodOfPerformance_EndDate": "2016-01-01",
    "ReportCycleID": "INTERIM",
    "SubmissionEvent_Number": 3,
    "SubmissionEvent_Name": "Annual Report",
    "SubmissionEvent_IsWildcard": false,
    "ReportAsOf": "2014-04-30",
    "DatePrepared": "2014-06-30",
    "ReportingPeriodID": 28
}
