[
    {
        "Level": 1,
        "ID": "1.0",
        "Name": "Aircraft"
    },
    {
        "Level": 2,
        "ID": "1.1",
        "Name": "Air Vehicle",
        "ParentID": "1.0"
    },
    {
        "Level": 3,
        "ID": "1.1.1",
        "Name": "Airframe",
        "ParentID": "1.1"
    },
    {
        "Level": 4,
        "ID": "1.1.1.1",
        "Name": "Airframe Integration, Assembly, Test And Checkout",
        "ParentID": "1.1.1"
    },
    {
        "Level": 4,
        "ID": "1.1.1.2",
        "Name": "Fuselage",
        "ParentID": "1.1.1"
    },
    {
        "Level": 4,
        "ID": "1.1.1.3",
        "Name": "Wing",
        "ParentID": "1.1.1"
    },
    {
        "Level": 4,
        "ID": "1.1.1.4",
        "Name": "Empennage",
        "ParentID": "1.1.1"
    },
    {
        "Level": 4,
        "ID": "1.1.1.5",
        "Name": "Nacelle",
        "ParentID": "1.1.1"
    },
    {
        "Level": 3,
        "ID": "1.1.2",
        "Name": "Engine/Propulsion",
        "ParentID": "1.1"
    },
    {
        "Level": 3,
        "ID": "1.1.3",
        "Name": "Vehicle Subsystem",
        "ParentID": "1.1"
    },
    {
        "Level": 4,
        "ID": "1.1.3.1",
        "Name": "Vehicle Subsystems Integration, Assembly, Test and Checkout",
        "ParentID": "1.1.3"
    },
    {
        "Level": 4,
        "ID": "1.1.3.2",
        "Name": "Flight Control Subsystem",
        "ParentID": "1.1.3"
    },
    {
        "Level": 5,
        "ID": "1.1.3.2.1",
        "Name": "Flight Control Integration, Assembly, Test And Checkout",
        "ParentID": "1.1.3.2"
    },
    {
        "Level": 5,
        "ID": "1.1.3.2.2",
        "Name": "Flight Control Hardware 1",
        "ParentID": "1.1.3.2"
    },
    {
        "Level": 5,
        "ID": "1.1.3.2.3",
        "Name": "Flight Control Software Release 1",
        "ParentID": "1.1.3.2"
    },
    {
        "Level": 6,
        "ID": "1.1.3.2.3.1",
        "Name": "Flight Control Software CSCI 1",
        "ParentID": "1.1.3.2.3"
    },
    {
        "Level": 6,
        "ID": "1.1.3.2.3.2",
        "Name": "Flight Control Software CSCI 2",
        "ParentID": "1.1.3.2.3"
    },
    {
        "Level": 5,
        "ID": "1.1.3.2.4",
        "Name": "Flight Control Software Release 2",
        "ParentID": "1.1.3.2"
    },
    {
        "Level": 6,
        "ID": "1.1.3.2.4.1",
        "Name": "Flight Control Software CSCI 2",
        "ParentID": "1.1.3.2.4"
    },
    {
        "Level": 6,
        "ID": "1.1.3.2.4.2",
        "Name": "Flight Control Software CSCI 3",
        "ParentID": "1.1.3.2.4"
    },
    {
        "Level": 4,
        "ID": "1.1.3.3",
        "Name": "Auxiliary Power Subsystem",
        "ParentID": "1.1.3"
    },
    {
        "Level": 4,
        "ID": "1.1.3.4",
        "Name": "Hydraulic Subsystem",
        "ParentID": "1.1.3"
    },
    {
        "Level": 4,
        "ID": "1.1.3.5",
        "Name": "Electrical Subsystem",
        "ParentID": "1.1.3"
    },
    {
        "Level": 4,
        "ID": "1.1.3.6",
        "Name": "Crew Station Subsystem",
        "ParentID": "1.1.3"
    },
    {
        "Level": 4,
        "ID": "1.1.3.7",
        "Name": "Environmental Control Subsystem",
        "ParentID": "1.1.3"
    },
    {
        "Level": 4,
        "ID": "1.1.3.8",
        "Name": "Fuel Subsystem",
        "ParentID": "1.1.3"
    },
    {
        "Level": 4,
        "ID": "1.1.3.9",
        "Name": "Landing Gear",
        "ParentID": "1.1.3"
    },
    {
        "Level": 4,
        "ID": "1.1.3.10",
        "Name": "Rotor Group",
        "ParentID": "1.1.3"
    },
    {
        "Level": 4,
        "ID": "1.1.3.11",
        "Name": "Drive Group",
        "ParentID": "1.1.3"
    },
    {
        "Level": 4,
        "ID": "1.1.3.12",
        "Name": "Vehicle Subsystem Software Release 1...n",
        "ParentID": "1.1.3"
    },
    {
        "Level": 4,
        "ID": "1.1.3.13",
        "Name": "Other Subsystems 1...n (Specify)",
        "ParentID": "1.1.3"
    },
    {
        "Level": 3,
        "ID": "1.1.4",
        "Name": "Avionics",
        "ParentID": "1.1"
    },
    {
        "Level": 3,
        "ID": "1.1.5",
        "Name": "Armament/Weapons Delivery",
        "ParentID": "1.1"
    },
    {
        "Level": 3,
        "ID": "1.1.6",
        "Name": "Auxiliary Equipment",
        "ParentID": "1.1"
    },
    {
        "Level": 3,
        "ID": "1.1.7",
        "Name": "Furnishings And Equipment",
        "ParentID": "1.1"
    },
    {
        "Level": 3,
        "ID": "1.1.8",
        "Name": "Air Vehicle Software Release 1",
        "ParentID": "1.1"
    },
    {
        "Level": 4,
        "ID": "1.1.8.1",
        "Name": "Air Vehicle Software CSCI 1",
        "ParentID": "1.1.8"
    },
    {
        "Level": 4,
        "ID": "1.1.8.2",
        "Name": "Air Vehicle Software CSCI 2",
        "ParentID": "1.1.8"
    },
    {
        "Level": 3,
        "ID": "1.1.9",
        "Name": "Air Vehicle Integration, Assembly, Test And Checkout",
        "ParentID": "1.1"
    },
    {
        "Level": 3,
        "ID": "1.1.10",
        "Name": "Subsystem 1",
        "ParentID": "1.1"
    },
    {
        "Level": 3,
        "ID": "1.1.11",
        "Name": "Subsystem 2",
        "ParentID": "1.1"
    },
    {
        "Level": 3,
        "ID": "1.1.12",
        "Name": "Vehicle Subsystem",
        "ParentID": "1.1"
    },
    {
        "Level": 2,
        "ID": "1.2",
        "Name": "Systems Engineering",
        "ParentID": "1.0"
    },
    {
        "Level": 2,
        "ID": "1.3",
        "Name": "Program Management",
        "ParentID": "1.0"
    },
    {
        "Level": 2,
        "ID": "1.4",
        "Name": "System Test and Evaluation",
        "ParentID": "1.0"
    },
    {
        "Level": 2,
        "ID": "1.5",
        "Name": "Training",
        "ParentID": "1.0"
    },
    {
        "Level": 2,
        "ID": "1.6",
        "Name": "Data",
        "ParentID": "1.0"
    },
    {
        "Level": 2,
        "ID": "1.7",
        "Name": "Peculiar Support Equipment",
        "ParentID": "1.0"
    },
    {
        "Level": 2,
        "ID": "1.8",
        "Name": "Common Support Equipment",
        "ParentID": "1.0"
    },
    {
        "Level": 2,
        "ID": "1.9",
        "Name": "Operational/Site Activation",
        "ParentID": "1.0"
    },
    {
        "Level": 2,
        "ID": "1.10",
        "Name": "Industrial Facilities",
        "ParentID": "1.0"
    },
    {
        "Level": 2,
        "ID": "1.11",
        "Name": "Initial Spares and Repair Parts",
        "ParentID": "1.0"
    }
]
